project_id,area_sqkm,population_density,infrastructure_type,land_cost_per_sqkm,construction_cost_index,distance_to_city_center,existing_infrastructure_score,environmental_factors,zoning_complexity,project_duration_years,total_cost_millions
1,19.039735882944445,1382.3578503059393,Commercial,286393.2190028246,1.38799875627076,4.707642372810543,0.9198076922946059,0.7110026254228615,0.7271742848028633,8.153472354438941,274771.7
2,47.56035816729085,1310.1961154527992,Public,79724.88851997204,1.3074389226371077,22.430769831531073,0.46892773198807913,0.9601949157500185,0.7958512552270628,3.0638705527688854,288424.02
3,36.733700119664555,4540.647444553079,Public,487655.7060423816,1.4263333909087463,12.50975136852265,0.43545739538498873,0.939592458889549,0.7622705081899408,2.429539258438141,594747.18
4,30.13359496775331,1322.77637926258,Mixed,212026.9558688267,0.8822900743846557,8.624803181332265,0.8982370600635543,0.728447277491214,0.3800062767996684,8.041954685489873,244508.45
5,8.222922701900607,1432.553658030292,Industrial,265040.3097109111,1.493155774230552,11.889460038600884,0.8375901238071883,0.7054499524959033,0.5037552169629524,7.371028276281399,293497.32
6,8.221728756642031,3821.0514858480224,Public,209877.78840661517,0.9465846997649535,15.434940344599994,0.6119838485186758,0.7775045432374257,0.3906686269302466,2.643750781316186,492978.57
7,3.3751388023258735,2303.725228007646,Industrial,357130.27855229005,0.8082459134006494,10.950349976093273,0.30458779156628,0.6217270059858828,0.8900806814339941,2.046211774209442,341590.04
8,43.37571921585929,3905.881729080388,Residential,348004.47124831687,1.498196057337488,8.015267405160976,0.372057177172042,0.5260924959831814,0.8228325587488663,8.54559179638023,559563.98
9,30.255193081288837,420.29417206548766,Industrial,371895.039738111,0.9967517198115792,12.55655883531543,0.7249823923270453,0.9696120680856033,0.4410689020427697,7.989386339770192,174005.28
10,35.549592600904255,2489.098848999583,Commercial,170664.4533253644,1.267613616758792,1.5560144117470491,0.5080329902723293,0.5933494924385864,0.5389164683429254,3.9453163632969783,360675.81
11,1.5189324676422211,264.7066408980849,Commercial,192050.81652382968,0.9236776199234137,23.4024375367931,0.8691785533327769,0.5992003646228582,0.97663049458495,6.9237766739203,177536.21
12,48.51053768201872,407.00069693123714,Public,106363.05399329358,1.2061599725393992,5.9574019134599885,0.9599640074657634,0.7362301644269738,0.7159115505157561,2.117441678930297,139031.12
13,41.705910719620874,4541.5435213876135,Industrial,344979.4873307507,1.4328244905181915,2.2732337952884802,0.8445095402199347,0.7458066724201653,0.8608089181108101,5.563428931429103,580058.38
14,11.01078597857467,782.3023184762163,Public,67908.70730104364,1.0241268171999072,19.957262094247298,0.5020363383964457,0.509217104850371,0.4852137243381104,1.168572628543779,199836.5
15,9.50033587675148,2708.8613431485637,Mixed,318957.05098555656,1.2691777832310516,23.444147735886496,0.8309491433851393,0.5739773693869854,0.4470370441255136,4.5244169282939986,417878.32
16,9.578523237744974,2114.368452743462,Commercial,441363.14818323526,0.9315325121588915,24.601044816192452,0.48115333877654676,0.6890774092803709,0.8487418501925839,1.6735853932426457,348123.2
17,15.559991026497118,1801.9822986683291,Public,450874.4667303351,1.2373567791031077,15.311766297157398,0.3336800702125071,0.8418653467552695,0.780110718662008,5.276324621411943,334667.15
18,26.475443365795773,4509.1833938676355,Mixed,252066.99216648276,1.0355152462722572,6.9556773560095735,0.22671456389268593,0.6142092284159679,0.7766845504482345,4.795134821676049,579320.7
19,21.88127842278473,206.93464419989857,Public,256686.6596958832,0.9478457810115661,22.379602640244975,0.508573370208816,0.7115072231208813,0.6868442072804357,4.999465239742504,166334.37
20,14.915842439803075,3352.5694622603864,Industrial,84636.13235360781,1.0192274354925446,21.291679237475776,0.9228474429578255,0.7786725323582334,0.6945048399435841,1.4079817184319467,452043.95
21,30.786718288757783,4820.632727646397,Industrial,351844.26144936605,0.9251887479554596,8.141851288992024,0.3911892702045412,0.9442962473116461,0.8149882537143776,4.254547071536491,600455.95
22,7.404946102276071,2844.8240989630253,Industrial,419566.7391677805,1.4313412754865178,27.198824920020996,0.36521053194382724,0.6630352511635617,0.4890017367848367,7.808354641899249,478309.9
23,14.961160102493299,4690.43006396215,Industrial,160094.77457212086,1.0780308204219902,4.026772284402041,0.9758566281928323,0.5667791329317418,0.546937926099869,4.320229360182581,564269.28
24,18.634911243037738,356.06360850151646,Residential,239585.3967350141,0.9716955134820572,29.497958948148444,0.22000329028047372,0.7446361129488042,0.9101457393640384,7.436547573486226,221973.81
25,23.075464218743278,2152.0872634633906,Mixed,427477.70154437167,1.1138854887111531,25.947186518346474,0.8286257203150036,0.873360800842031,0.5162056407085104,4.325308512703599,359902.22
26,39.366210088954176,1374.7731757140507,Mixed,444704.2104480296,1.0243753167645469,20.94906071889318,0.4570959645926963,0.5549298785263668,0.6824166999655092,4.809154973411678,284596.29
27,10.383852216838807,3681.022728405576,Industrial,159430.99111890167,1.3210934776693282,28.22374676011515,0.2299903654957275,0.7123417458484802,0.7918476248046789,6.075029015463395,559909.4
28,25.954604701473773,4908.355743436508,Residential,297756.7855436139,1.4798539383198461,21.947023881387526,0.934242032167667,0.5088925706312417,0.9999473787832236,9.556137431263743,678483.47
29,29.824521158671104,1356.9973059768142,Industrial,136621.91778612218,1.106623559688353,6.523252913871332,0.3117138641676669,0.5167795908236256,0.6047039320467323,1.9797440198198966,246720.34
30,2.7992954296398875,3305.455547222965,Residential,95845.44386280044,1.4027233799805683,13.82252800527154,0.6414234269805563,0.7414766816083328,0.5996650136374606,1.296223917950563,457561.26
31,30.573470169121197,1070.6784005227266,Industrial,460004.2256263809,1.1961041514917337,3.0735877056174252,0.41924336594363826,0.6490986490754647,0.8898118656035672,6.4716146542904065,240606.93
32,8.94094412252093,2870.1182474008883,Commercial,419228.37690444913,0.9100649655659635,12.300065246355347,0.25215424174775286,0.922553649502706,0.8638521778819042,9.541873800355837,444537.83
33,3.7200538527713363,2373.2691847728474,Commercial,392015.70581142826,1.2834359194569391,22.50648757237905,0.23993798853070328,0.8010771530632271,0.8117531172141839,9.907508192992434,435093.6
34,47.469834094039996,4862.826115194532,Public,71944.84346591319,1.1594041479880741,12.206857176993704,0.29244535906907104,0.7269664808714952,0.6242607461863202,5.357478226528016,629174.8
35,48.29878563719069,3081.7836362126864,Industrial,429677.95671961585,1.2554245662764725,10.57853108857589,0.2570936111115041,0.7039676855271482,0.5267573841125011,5.212734589765886,451008.45
36,40.515668731764826,1812.581223225412,Mixed,247119.83415742268,1.4227811888001654,18.265315952799046,0.8084464924159385,0.7486227400947816,0.726111337809394,6.804673936706766,343239.01
37,15.578381574081849,659.0693459508735,Public,204077.80548313685,1.1083041994592322,26.293931340967955,0.5884529618267433,0.5202194156063307,0.9133563051921485,6.000712814844729,234517.38
38,5.334769643316002,841.1094608011794,Commercial,295914.3624614194,1.4308243362521489,2.3799125838372603,0.47431367307918376,0.9463966782103299,0.9186442207460106,6.706792518527063,228092.08
39,34.369534812351766,1204.052956761052,Industrial,91108.95922560012,1.3254683099971585,12.178642606292327,0.5346951281056058,0.9991515778669792,0.37594884154930686,8.865994829841048,276840.8
40,22.287548440110264,1329.7366405674602,Public,390490.94720857946,1.1420234481145894,5.5889815126426186,0.9431573884580986,0.5907435624293493,0.5998451986692055,7.716755525388484,253549.32
41,6.540892624816552,4268.018683421576,Industrial,312095.78459973313,1.2222554949605746,21.16527327122422,0.9286014501905178,0.5601914823873099,0.6253053693391246,5.47189652518116,572253.47
42,25.011257050507876,2849.991662584372,Commercial,133965.5435929254,1.027906792763308,4.066012252502912,0.7725411840980616,0.5717887317242976,0.9843307572666271,5.156780131001526,396819.07
43,2.2022317952033106,2664.6154657343955,Public,134704.4898960705,1.488518109817142,20.279424998827093,0.9077459019373502,0.8305135291171836,0.7745986106698091,6.756415736618044,433484.59
44,45.51135990289971,662.3674721591656,Commercial,132911.8932077034,1.2671458141352772,9.299245253139313,0.4557184220700998,0.8307204192253874,0.5850724920834494,5.101356559782677,201731.32
45,13.309609089200837,4314.684497412231,Residential,75651.07439837029,0.830692796747641,6.768587598379516,0.5048874608066263,0.9239620811392055,0.3182405201899151,5.120014161390759,533359.91
46,33.294853075522106,3641.7900857215704,Commercial,314509.30221725814,1.028635334023606,28.154224176924576,0.6909697454833825,0.8759131942131266,0.6957696120694371,1.1467531160785434,500854.63
47,15.929698266425842,431.57497331000775,Industrial,428156.6799148286,1.2363201036313403,1.5372127256327202,0.6989007578378114,0.7248448366846698,0.3672531829468493,2.5665772366657755,137275.47
48,26.243367048301636,3568.3919764258667,Mixed,57874.19629432487,0.8394332944594679,13.695540884797499,0.5853598704098728,0.8064276807826594,0.8841149701434341,5.396622759961778,483307.23
49,27.562158827492343,2763.337264978966,Commercial,72052.0902370731,0.8167189339234,1.6271827813920197,0.5205262787503626,0.844142335184004,0.8267630623992535,8.403881131453321,393366.4
50,9.650295548513588,500.45419415921344,Mixed,307746.6245091256,1.115016967669462,15.024198395025541,0.9889442492869562,0.7563682351426126,0.6223564119357251,3.5085430605441172,166175.08
51,48.49443907434565,2345.673143490417,Residential,418773.05842372356,1.032883125784869,15.530373956038128,0.8568989008941796,0.7378254922258183,0.6004475456791898,5.703790898180341,362111.22
52,38.86907475637517,2475.01180693723,Public,197032.50075588512,1.1068090256232161,10.328211670447663,0.5479841583104361,0.8225487228213266,0.9281372758981381,4.10465876283309,376148.31
53,47.00519760742736,912.2952468000511,Public,207326.47946347497,0.9838853169160037,4.832691548225687,0.7818339817916549,0.7787372744878269,0.5019208452926899,1.9432359058563011,176408.24
54,44.79395384616862,4733.920920301383,Mixed,318355.92387354915,0.9153024228600867,11.915238594299783,0.4156493546019676,0.8219711526679552,0.4743139734747395,9.624686347641706,618141.28
55,30.096048951148713,4264.879320255243,Public,173395.80010586616,1.2824003498862364,20.495625258044416,0.2801354609898639,0.8064273869816819,0.9574382029780335,8.692064832252715,615810.53
56,46.13277463364428,3378.2094529126307,Commercial,61973.76473495786,1.1601997813874605,23.689478450689315,0.48194482044219256,0.8595982802568274,0.8664720857274377,1.7064318202021576,484607.99
57,4.880378851570015,2365.2482489029753,Mixed,380852.8331457182,0.9401079478745569,16.391767469256127,0.5223782400987154,0.821401754391438,0.8744379151470363,7.4780853622145615,385520.83
58,10.201151689747688,2117.6511537640918,Industrial,331542.4608236539,1.0237125983819988,18.105197438752914,0.21322969964853666,0.7598712432186336,0.43663566999314785,4.128219139217501,352150.88
59,2.7387508010716344,3289.7699890396752,Commercial,311340.1995750466,1.2142655353643281,6.817874762614928,0.8518336013087169,0.8408984056421933,0.40030719400165404,9.953648263556133,465548.57
60,16.603851372781584,2772.6161600938367,Commercial,383757.8580463204,0.8505605437907345,9.332579663601834,0.4873547219113452,0.724740982592714,0.3182206848719944,3.7215866784607994,378812.74
61,19.73952583962936,405.1382188212395,Commercial,353853.8769029169,0.9032171064863257,5.6949726915183945,0.6643345326241177,0.6208356129863005,0.465929056243076,3.148646008263399,132210.35
62,13.931777072807847,2611.262978974625,Industrial,142646.8946802445,0.8512719228751732,8.229565150133729,0.2591705498167648,0.5007091100669577,0.8419333442000272,6.111014934748646,389761.41
63,41.522506703020504,4051.3777244409134,Residential,208616.471124508,1.3686221328998833,7.521716626540421,0.3399974630004672,0.7799820735729216,0.4680268931349048,8.516135470088837,560360.19
64,18.15928967133267,2350.2754002250945,Public,106749.56375538124,1.3266864632484063,16.06401480534589,0.9117549802620479,0.7953276133043206,0.8103722985164132,2.7326698463781818,366021.35
65,14.406258229525347,354.5872300159152,Mixed,108435.65603804647,1.32731905231548,17.317973917931152,0.6869500223062406,0.9860244823878572,0.47633578575719504,7.384624927473981,192303.28
66,27.3634561163333,3952.763176981762,Residential,354288.08586044266,1.3014277404332195,28.403475203823632,0.9602272401363885,0.6807391670471378,0.5767047485654702,1.5526592482700952,537654.64
67,7.475749136250751,1086.6825324662746,Mixed,436370.0481421242,1.2685697965689084,6.671548765944168,0.9990000275130535,0.6970666214141559,0.9882136029379858,9.270412687994476,251595.33
68,40.20875054732496,1367.24209095139,Public,483229.66273751255,1.1338943407647224,19.608595594683383,0.4974880922664755,0.6008997906710951,0.4713682118988949,1.729674245325689,265812.88
69,4.190256862148656,907.0611318182499,Industrial,332756.20289724995,1.2495947144549806,24.700518800638164,0.4390424512666197,0.535267147618661,0.5634594391087873,9.228082387097462,276820.1
70,49.35090336172561,1718.053817870338,Commercial,132845.59551243065,0.8268530883515823,17.24700244970852,0.8866848441272774,0.8864022464308703,0.5107610263256496,5.417265245074326,288351.74
71,38.72611608018454,3808.0823778743115,Commercial,97542.65545201881,1.2350250958597493,8.395105922531195,0.9988891416299635,0.6248405321696625,0.3767374904310016,5.032820015163279,492094.44
72,10.336426235941534,2644.990711569293,Industrial,415782.937191541,1.344514393875814,8.613956670580006,0.703712987385966,0.8044524305150189,0.6429258994915774,9.75976371550339,419499.73
73,0.7733447976183188,1103.9182433384915,Residential,310440.41436199966,1.150250852269073,2.1383385390589975,0.836112578009218,0.8438865177727408,0.5650834643331015,9.913457599283971,237965.0
74,40.86534070851429,4401.367382945,Residential,328228.2594561739,1.050259329899066,9.85788256990597,0.8253966870522196,0.7356183436458239,0.786420960065096,6.851603133649108,567603.56
75,35.48943852045705,4409.951089262493,Mixed,401657.93993961916,0.9941987143606854,22.59350669109802,0.4842717665756376,0.9381760565135958,0.8723161828660824,2.1440736267134364,579548.32
76,36.58585481802887,4365.834282725434,Industrial,366474.7524796032,1.2499614351134578,2.378014959006201,0.6594163042056698,0.7218974204898644,0.6809748001469469,5.555530770896823,555458.46
77,38.67788216095431,1270.1014357695424,Residential,425506.2137852435,1.2849608390409362,7.359563192640089,0.8664455530113708,0.6424543115208825,0.3225374954611358,5.762467908600962,245247.93
78,4.165210260837473,2311.072786486842,Industrial,75296.25745694531,1.4096773199037798,21.480742457421677,0.7504911010088444,0.9480077614808111,0.7332456493643051,5.630017853217788,394854.29
79,18.244053562941495,4926.449315090288,Public,386384.28653592715,1.0396338577226936,23.696895321863423,0.2169310511856306,0.9307821421249782,0.3387735110146574,6.125426546680088,652927.97
80,6.235518446493921,3882.861133918953,Commercial,432883.74079494295,1.33884061516991,14.204233891795925,0.46936453511802684,0.5820199735382066,0.7314494265193174,1.168522424149516,520028.42
81,43.22361958084188,233.12036400524312,Commercial,178760.76910624147,1.1929490769325366,21.244155815880816,0.3155805572756843,0.5129805091769605,0.7795209644884319,7.401045533234521,198580.71
82,31.35325727796412,419.50249717641105,Commercial,338201.2732969638,1.4179855434746553,12.250612890991869,0.3863777696624313,0.5449927781748103,0.43843733933226287,7.411548717576892,201595.68
83,16.879452230206134,2373.2637463804303,Industrial,191372.92872663744,1.1694684758069345,5.637484105699698,0.9243915819930606,0.6432736992769086,0.8735423041052397,2.0392279766009915,337021.22
84,3.64613833915817,4555.179008721645,Industrial,481086.9799171043,1.162340879878577,12.546335312164288,0.22951463112861453,0.9861299008708553,0.937759592101834,6.1321549820122065,611256.57
85,15.893624924925279,2739.6388099682995,Mixed,65040.60759597669,1.2045139570086363,17.819066785891142,0.37584056956953904,0.7792580765804125,0.8691608748796738,6.115250641921971,436515.85
86,16.59657444032398,2539.281289368022,Commercial,310906.7797248298,1.3245207485997041,28.493545173733818,0.4476554817905852,0.6866308660146344,0.5135764331484575,7.142053781713601,439692.78
87,36.61550582773417,616.8211297874899,Mixed,124926.59617228179,1.4752833351799226,2.9937776105716423,0.6935072575731158,0.9443580473063732,0.7106501087119441,1.7685792292157299,173683.56
88,32.05909483208305,3318.222513149041,Commercial,370499.0923297214,0.851494347951036,15.714428721503857,0.6272813520686924,0.7265681657392498,0.9403706044338593,6.638529765394868,469023.55
89,44.41703075752817,4128.305486941104,Mixed,129150.62753839794,0.8374042216737121,10.538673568111006,0.3746155862827089,0.6576193142005106,0.5244653083559949,3.5267675567170707,522676.69
90,23.87463879551649,1964.0580367870555,Mixed,155922.4678542609,1.456285236185137,15.741039134024142,0.33139285377852357,0.9706097643728286,0.8740194755857975,5.5630269144655475,366064.05
91,6.419915173945935,3900.4980695341046,Public,272466.86497059115,1.1709129378627443,1.6952879739194187,0.38943842767689507,0.924758833096339,0.30663259188318753,7.95991197433669,516226.57
92,35.80561696753825,4825.935604113977,Mixed,461675.72749859514,1.2304321101968552,10.077735286345858,0.6020237013613245,0.9218341877097205,0.30255269194927337,7.35081342726712,619029.48
93,38.15885990653642,1098.4556497256767,Industrial,145271.46746658688,1.1376965211163101,24.776176278283145,0.4169422285689628,0.7561423715251065,0.8317981622372772,2.0701271591019403,260767.81
94,28.283221279690064,2664.3151928542325,Mixed,114908.00950314658,0.8655602168252322,17.064310281784486,0.9580820012861777,0.8947191994077275,0.8330133074889847,6.320663084044659,393362.82
95,38.66287540775077,1506.9759946144202,Commercial,391539.5743343138,1.3376625648930665,14.066892291667404,0.5710921771430781,0.5896766796322759,0.8522840314966056,9.722048778466647,324243.21
96,24.94288202003734,3984.986653265813,Mixed,275278.7895502689,1.3230572515620107,9.280227079744847,0.24703681323570967,0.7866114787781218,0.9510187865217137,2.4109249360150202,536876.26
97,26.375275054408707,2930.2074928176717,Residential,460303.3005717971,1.0181923250449685,9.643233160949322,0.7834131246693068,0.9919229614237728,0.38253441827419893,8.676163789528733,420754.08
98,21.663280408748207,3209.4538459964883,Commercial,115976.55072192903,1.0143674716598803,12.10994157412695,0.4630762305671917,0.6454792152589808,0.46238948948858183,7.322932724983993,457855.98
99,1.7582467738327119,4009.779382117881,Residential,340667.5518603677,1.3864889666338631,25.23155058897225,0.7227911456465981,0.8971761646238376,0.9326074442616652,7.966029816187837,587554.98
100,5.8406256361685704,2040.2553160460288,Commercial,154795.61576831678,0.8506500804189286,29.049182997439782,0.4236754964185856,0.7452392036040336,0.4240653384406474,3.537624944283809,348119.47
101,2.0557446914933455,4583.941335194511,Industrial,120542.19289323769,1.4167736038495962,13.72100605916086,0.656594993386656,0.5199028416110436,0.7775604873036087,3.591000364418582,600482.97
102,32.00231535755713,2711.8414495060856,Industrial,357543.2368207717,0.9796631829271402,12.407232323685093,0.8177220038459718,0.8815096989078337,0.6713241000285708,9.154175101988393,409653.69
103,16.06062106327817,873.9786318932053,Industrial,317158.0789589299,1.2150893234288458,25.54997249877602,0.9424069934196433,0.5842845721960563,0.3582355737960551,4.238488288833028,229343.28
104,25.674249212652786,3509.905679027132,Residential,389672.35626304906,1.4551959253012443,13.380254298452805,0.40890171554646165,0.8157367835663751,0.49968456335907296,1.5671385162352944,486076.01
105,45.42454045934161,3986.9806171474465,Public,189258.15940078205,1.2746857510756526,17.008526996573885,0.467885560799185,0.5428320970234864,0.6642605515086775,6.405370332215051,557733.24
106,12.83996534286931,1652.1322176308806,Commercial,251587.24537198548,1.0901008687269256,7.697308273363588,0.5714131362287518,0.9734336987479824,0.8966450816786837,2.123359021376584,276514.41
107,20.81395469026367,4300.178359293889,Industrial,232462.25434868832,1.2826739462337906,22.56157353759318,0.9417398701887911,0.6458619435901805,0.7952769427302715,8.169366172671173,597771.42
108,37.89978135788091,4540.101948352255,Commercial,492840.2587849314,1.040785745421459,16.427661229852674,0.9211094854485258,0.6132323458386975,0.7353182130184531,6.775717982509517,589872.88
109,11.825509191835312,1456.8319881512637,Residential,181512.03053272454,0.9940808914444303,24.462001956969907,0.27190262408051047,0.5645682020331672,0.6472230229589904,8.872538546990874,323459.89
110,4.310505536525254,4919.255216304588,Public,182667.7572560451,1.4976782945542757,23.641249170831422,0.3055438606030487,0.973001096669524,0.509078788669894,8.063535248043717,685427.58
111,14.842696919231518,789.4864874389162,Residential,209546.69397287333,1.3255531618258514,7.235138279830829,0.5964073418645106,0.8559518712206526,0.3834714379234828,2.0090228350437656,189521.92
112,8.480453719073218,1089.8767751722007,Commercial,304067.3365806447,1.2513039841672724,21.75343096617511,0.2852954182443388,0.8708304443590443,0.5863532241962668,4.429636087909801,270389.2
113,46.52003379095736,1002.7017122663281,Public,163545.23491868534,1.048702750253523,24.20157783058977,0.476464698678958,0.7497022806901223,0.3199629457379048,7.971042249231285,263075.28
114,40.50195878843864,4480.549579038565,Public,461880.47317067324,0.8344125804085337,11.037109982689458,0.31870830257398214,0.7373638926352417,0.44773912248679537,4.756073259396931,565025.92
115,31.853485947265963,3306.033506392313,Residential,169558.50418981857,0.821739813224609,6.005664274165961,0.7088322841055088,0.5550106214957383,0.6027383631108618,9.751289363019804,453243.14
116,43.63729921429203,845.3109877891371,Industrial,453117.0792020876,1.1879268788141593,1.0763325118080571,0.9595963453913294,0.7799205477919959,0.5930236299703405,7.621664049041043,197274.8
117,40.28176780650617,2257.58475000491,Commercial,96563.7786409631,1.3334229047273358,14.076205939701296,0.9973870162355052,0.6234582475543953,0.33100680169789465,1.1394992502128893,332998.87
118,9.735217914858774,3114.96032284203,Mixed,345453.2160798435,1.1761654333106986,11.220549214626406,0.5001929059975319,0.9885726664002029,0.7123421074677039,8.919871224047528,466588.99
119,44.6816704252539,508.9740164479781,Mixed,458143.48329720966,1.3885495503573801,17.09238518093686,0.6792101096916898,0.8982904700075737,0.6847789790972654,1.9072430638170184,187391.15
120,27.197440974824712,4423.84020519596,Residential,125937.2472792033,0.8233985731652552,6.4531916850747875,0.8850141228192652,0.7064960300964438,0.354673012814639,2.2647135176207724,518335.4
121,40.468287680621096,4037.657323663522,Commercial,485747.13204466476,1.056726453498158,25.93030088232778,0.2939696582371072,0.5756706293457665,0.9602141367223074,7.610431605499459,586913.33
122,44.85651934621291,2575.5131905255275,Commercial,253797.51218698025,0.9659492738219246,8.47490125321518,0.7516515288415719,0.892665845569392,0.36956794526560205,8.784717034874323,381566.4
123,16.24117201110726,4838.920414769935,Residential,475571.79879846104,1.1130910777099854,7.566458547541849,0.5270749293800546,0.561026883540658,0.8983839058661351,5.827146651096004,615981.61
124,5.9475702641199995,2147.0287984479883,Commercial,354569.01963352115,0.8506634752358858,14.940707638046323,0.3649169282241313,0.5946668767485352,0.3002168123405041,3.6014475965120125,330172.54
125,11.782790545826114,4922.140563278839,Industrial,185714.0914430982,1.4678921490997507,15.466679688583953,0.5222028949979536,0.6057602588721137,0.9175967665317681,4.16183990727858,650044.15
126,21.641835536999686,3372.8079941377728,Residential,134736.1362126979,0.9562787807485527,7.237471634767692,0.2607682295719335,0.7784453191365472,0.31380381254301876,4.086003966364504,448455.06
127,40.99173091316341,3209.889238944313,Industrial,186680.77080129474,1.4456154428385095,8.883961075051557,0.7563257188714447,0.8935283269951831,0.8304684223244811,3.94010293428561,454668.46
128,43.106163871189,913.1789869493465,Commercial,91857.83416820374,1.0981252085256772,5.921451935502104,0.4021941349987625,0.657157439362346,0.5531835679101771,3.1861870463948483,203001.32
129,0.8441304612939398,4421.446015692755,Residential,114740.58485449839,1.4898668932786525,21.835345171371838,0.4491245160359024,0.5423349071376447,0.8167517600954239,6.479803851663098,625570.84
130,25.781991477589504,2194.699470811014,Commercial,97097.19815591651,1.1878408684221475,23.332581906368375,0.2968650385931702,0.7322692317622096,0.5812216437974849,9.103647867085606,403766.9
131,21.16184465586456,894.9436883341489,Residential,240324.59468370097,1.4515830049230654,14.407526426319196,0.8917272911119134,0.8740551205799678,0.3496355456322892,3.7637417177500705,219954.67
132,11.494336618301148,161.77684788121928,Commercial,408010.2693159139,0.803744292085956,21.708523657865506,0.5947554234261909,0.6108319215436941,0.8372546867767547,2.6802486771527088,142090.54
133,6.433335683017299,2842.8028498280746,Industrial,113622.59939735309,1.3237671643266302,22.34212636618592,0.6577175022291202,0.6099622740196871,0.34987687972495546,8.547198997342823,455148.75
134,17.211950984479582,2684.258148401114,Industrial,108644.19492755114,1.4321354571717608,5.009990302656449,0.6555461464758837,0.9736135136733555,0.9454843051728525,7.676049978007329,417676.02
135,47.1740303436697,3624.832749608877,Commercial,339543.02728279884,0.8978043968852679,29.019162720201564,0.5283944916330734,0.977076863559589,0.33568182505416294,9.377533284039194,533188.15
136,16.498545135027385,4462.26445978723,Residential,138732.3418856298,0.867288096212506,24.8099264657965,0.3540239323505116,0.9952328660307882,0.6355276944400607,2.4896776204441866,583752.79
137,26.180135776296623,489.09226475084466,Mixed,93924.51714904622,1.097200825030169,6.9300203746788815,0.7961061987987199,0.9038298007873901,0.8061241015955569,2.298261827049324,151368.08
138,35.299438465311304,3684.3328026677755,Industrial,125081.86019250994,1.4535752342930546,6.398786036636037,0.3016450122861395,0.5940920845839728,0.5752725253544264,5.87286454874497,515729.54
139,18.49966531777505,1018.3185260781529,Industrial,465679.12814454926,1.179670592133307,4.6441732218078995,0.28309903222304844,0.6059907603996306,0.45206343221470424,6.529902893515858,233305.15
140,48.603213094687554,4305.067560470104,Mixed,419662.0637492859,1.1692195246052126,5.012978313715633,0.7681160300772027,0.670112620761196,0.8313636729772189,5.321560976736306,549199.67
141,48.1411410996345,4113.411217922115,Commercial,209329.05305979235,0.8987882828095254,22.69669217183219,0.3670696163615871,0.6590662656667454,0.8490062933521085,6.390699726914879,569598.87
142,12.963223643355526,2749.8893994291675,Residential,345119.34529732674,0.8005526577652532,14.619973451597083,0.4454182010822659,0.9782638745390045,0.9458864887680569,2.623417919875642,392925.15
143,25.11380104167308,3580.1897132542263,Commercial,291774.05315061717,1.3670980635218228,23.705091009456147,0.5801819736013922,0.8945369914408468,0.5633155773017544,5.316523787476751,524236.02
144,15.393476335930098,1640.315554600367,Public,354705.9185671538,0.8613021940903668,22.64139193615596,0.559481053383637,0.862004396080777,0.6543762141481287,6.922833048457011,313300.39
145,14.599604471684646,2408.7227047707916,Industrial,357202.0186082417,1.2436948731147268,18.533768691651428,0.7668633000519993,0.5929816120290659,0.5541899099922505,4.894358043238333,382683.83
146,2.3259038940493735,4126.020798781311,Public,332930.3067769968,1.440231518160634,20.904631590781708,0.6987454347546889,0.9547627796811649,0.4799572752959577,7.115026022349381,580634.05
147,30.673434532004894,2350.399466148748,Industrial,169745.61584178888,0.9460563392109017,1.5323160069951118,0.7155169298254926,0.913935189753087,0.8257230730763259,5.060721524984556,335753.15
148,25.382611649828643,1853.2115000946649,Industrial,67552.88934326815,1.2656909853658376,10.041551757345637,0.771243464524366,0.5818209206639618,0.5377562915118688,4.002396227580496,306322.54
149,3.048198186874473,2521.6409915264694,Public,255005.05189554897,0.8550890036952566,19.496843198522896,0.4340901819387723,0.9355851659804862,0.5997046093946464,3.7324454237838314,381536.47
150,14.292999979712267,4158.4213369423705,Public,450938.2481108167,1.2226286006863292,1.2710036511010818,0.4578666494403789,0.6361237681852356,0.5825715603368194,4.6981185308972915,530929.11
151,45.45916135534936,1742.5194321172764,Commercial,306273.7663333592,0.9147522046672419,1.956331366795209,0.5503981983164433,0.5404348729160531,0.798862857952722,1.2078066041398074,259416.63
152,12.358313588015134,951.4318063651446,Public,424575.96876585856,1.3151674923606245,25.70475149164111,0.44596973842682086,0.828411153257105,0.9424569382774759,7.016726246015024,282871.15
153,7.672296168515543,3588.8686996208257,Commercial,496230.9543325527,1.0108619063557358,20.83672098907008,0.9879502951766908,0.8269023296921654,0.7667292429151641,8.605950768822357,509825.83
154,24.72791163373937,4147.293242269601,Commercial,123627.29186222432,1.1243737061632524,8.695722260489974,0.8512415411371437,0.547466004782809,0.6301078172659628,4.191643849988067,526369.53
155,49.289697478474736,593.1236447653133,Commercial,361299.937613892,1.2196013794193352,20.95092236344256,0.3317237506048237,0.6594259044682912,0.8454435803172184,1.414298225275467,206240.92
156,12.48173593981927,1275.3831525041292,Industrial,353432.1081650111,0.9198913874663678,23.981243405038636,0.20447532470549562,0.9964072311277693,0.7486799268854962,9.880980376470019,309742.3
157,33.77070959659099,795.6627498288701,Industrial,490979.9513112253,1.3191464730323346,9.897034210192936,0.2342266145978143,0.8392133335043684,0.34242724998246943,3.373284299059603,212013.94
158,38.20017095877152,1804.9129167526164,Public,493520.3302787602,1.0118482384457703,2.045083947476436,0.39525076083434024,0.8650375833016646,0.3669645104931891,2.139590095216957,271381.49
159,12.263058427623784,2306.719796636522,Industrial,359005.37527585827,1.2636603019389274,28.050594615944302,0.2914330286694853,0.6064586428021528,0.3265418608515433,4.327772571757252,399382.76
160,36.54670925628705,3769.249051120202,Public,159626.6563919874,0.9107981354895616,11.010215310573283,0.6266704919140578,0.5393910355019571,0.6197714283444238,7.64701336570201,506322.77
161,18.705265069603033,3290.623165920203,Industrial,409350.1271587696,1.2816823614444453,4.087971135256485,0.886396178181887,0.6384508448704689,0.8780974040372753,3.6452493720150914,440521.6
162,31.799138614382183,3142.5499806443127,Residential,98163.11039496714,0.8897316509673232,15.263849270401273,0.789400176730582,0.624449192596596,0.5191582185459465,6.1723288352753904,436854.09
163,31.85972068266429,1826.6372383873065,Residential,401314.6868772329,1.0977495473889887,23.28556607425988,0.3724872504657524,0.6172720503740265,0.5689121281647371,4.74003994993428,338039.69
164,27.020846861700544,4223.0930101153235,Public,459588.2558651134,0.9730442516172138,7.427772123909215,0.5194394048206288,0.5963771609435198,0.9366339758575235,2.059875930489566,529275.28
165,4.969343617693211,2409.3071202510064,Industrial,222275.02764579587,1.3238626745997277,8.815211453867537,0.6063153676250221,0.7873778453277022,0.8858324117216583,3.972583112428992,374148.5
166,41.847473531667276,4897.614196274257,Industrial,333785.8827423862,0.9834245031548122,8.038734617158912,0.8481646796026685,0.6640517379209109,0.765533678667792,7.523834551426599,612512.74
167,16.378613216100923,3207.2964776491103,Commercial,243564.22944357182,1.4172021144767775,29.758518532118668,0.8712972824849319,0.9101725075237652,0.48676264746457587,6.5080350759830115,497249.26
168,9.732666264792785,718.6972336660634,Mixed,246994.2747446578,1.424274147984629,6.724708278185734,0.9277746495262209,0.591973708923692,0.38192903788191046,2.078005418952049,176729.0
169,2.5183695069608136,3413.2700541696267,Public,189666.90009865403,0.9375089206559502,17.690086292017597,0.6073962004023001,0.7323135354342722,0.3112411758760796,2.469901687428777,453937.75
170,29.74920068781797,1693.009675615325,Mixed,392958.3292026461,1.229692161505407,27.832674608051967,0.7554197971486905,0.50682891821304,0.3749074708230946,6.766600233767009,335130.4
171,34.03943591119298,3463.0032637618774,Mixed,471279.45387492736,0.8614023492039751,5.260000497455598,0.28944029698714974,0.740841161227596,0.5048175105367599,8.32073872888782,472923.2
172,1.3210975319288796,441.2416259957881,Public,473337.8866555075,1.0740759697211404,29.154771738163305,0.6522311679631857,0.5279191104382372,0.686253044505647,4.145270463623524,201018.68
173,25.84860638581441,956.919042162201,Industrial,128651.57819372023,1.2993252106508906,28.47683979747311,0.3989534475769081,0.9888617559363218,0.3448000579266708,6.3577967665910515,274324.23
174,11.71154087229793,4293.112568638353,Public,443634.6423454547,1.2615962727949415,26.652587624689616,0.5453735080212889,0.8952960643252064,0.3953594448229143,2.5357922987689476,579929.2
175,32.43605312526777,1213.179829415223,Mixed,381844.14864220493,1.2372904685846255,7.222139118570065,0.7072404066453755,0.7450557383182277,0.42675649161555873,3.8023870321479145,233972.05
176,9.131138235747077,4201.501513690407,Industrial,163776.83031063015,0.9977786045637105,19.387596624318515,0.4055887502830249,0.5432936790896752,0.7423874650883143,1.1824318510574734,547414.5
177,34.70141803607206,1468.452833426611,Residential,80278.07581468155,1.0646174646040814,23.065852715875966,0.24174804623740886,0.7962227203952071,0.731052859286087,7.914483530195703,323151.92
178,19.643399641876602,3250.1213592876675,Public,170598.7700979701,0.8720623012902003,29.594809917696463,0.208187085127006,0.8793818753509388,0.685536008460507,4.609088377956701,488317.69
179,46.86813444246836,3501.337810198172,Public,460493.7065516865,1.3033159743035208,6.232290840359743,0.21772762843561724,0.5953586265023727,0.4753509972871577,8.345130162885585,502479.54
180,7.307286735226666,2612.0082904107594,Industrial,334930.40370309755,1.1527221577538915,23.214751086059596,0.20667979001101575,0.7841041703937455,0.5597837838531123,7.375356964204537,437140.76
181,17.382784376987797,1596.0223158139834,Residential,374474.5974040423,1.2961359426419583,10.825233927886275,0.2882840452463004,0.907105449191434,0.3676828014364201,8.458698391556293,317066.43
182,6.116939301409159,1141.957444218371,Residential,165718.55799909314,0.974260467357811,6.093167501472068,0.3915909716561039,0.8841238888231582,0.45852242263063836,3.570928026245945,220364.38
183,46.27233410478886,262.62783735588846,Industrial,373724.67000866914,1.0271067600445463,13.219931295201793,0.3769772113458394,0.9014960089335764,0.9283936585308064,2.6659785738506074,154669.07
184,43.92829799235856,1589.3373660795467,Commercial,62654.67782506569,1.0339507360820803,24.021241452309877,0.9894372753439173,0.9396617124348599,0.9857842225050799,9.747151143865034,327441.27
185,13.268110571900202,3300.497673603287,Public,218894.6055978562,0.8180196868230514,14.480644307417512,0.4448048841671546,0.9688410510797352,0.7533617099482062,7.455950083367826,468916.8
186,33.169210278691864,4697.693610397565,Public,332039.006844049,1.0387335109814364,16.588169905888407,0.3019366266875193,0.702760577601768,0.941776304416394,8.506380411340032,637205.71
187,40.952498909960184,4368.901963088955,Mixed,115743.4544935941,1.3623132014626234,29.859622895803515,0.6364500353342064,0.7843845512614387,0.7499193302809974,1.1182003633894035,596225.69
188,27.982440174173384,3853.717405022983,Industrial,420351.60850112065,1.428108947024817,12.574169687165355,0.8863659643180066,0.8953297630228054,0.3232375402738289,4.190154582662979,512768.85
189,26.71770362862232,3963.3919819411635,Mixed,155764.08446536338,1.1627528209451492,18.846621886567956,0.7424483014301402,0.8485699069728916,0.9977338094904862,7.685350215195985,558285.37
190,12.471688399572358,3358.4260270323766,Mixed,343526.5007683008,1.1188511866534543,11.592081846845783,0.4368656713083603,0.9977601141321895,0.3692666111805744,1.7018454969098498,447761.46
191,5.108587006392011,1375.4056020734147,Residential,232338.71415889836,0.8215772330895592,12.390783743532443,0.6492929278331641,0.5068388255523221,0.7778492610115424,6.106059366120421,259995.07
192,44.912180018689675,4545.255650458566,Public,318219.61796494125,1.4154430363097679,21.173581849916836,0.7718847793603274,0.6775666076578953,0.476985342152353,4.861654907095029,608355.59
193,45.070693829584854,3386.588328338587,Mixed,98352.74868300866,0.8091071493981109,28.19872230675162,0.7824835938941939,0.6405139631351012,0.574386779034872,1.1585485642699656,459316.14
194,31.838522135026764,2846.1590918041557,Residential,57610.75996472329,1.4613250561471482,16.72840956427732,0.733230764238151,0.6311579250827672,0.7521539293606567,3.1237801940750627,429810.13
195,17.281974656910684,643.8483991460572,Industrial,459303.99232113553,1.1424513740816635,23.283597939514614,0.8966483398204945,0.6112648912494429,0.6055411445153949,3.563127901600428,201112.01
196,17.785873943326713,2290.5721646514844,Mixed,171333.50394523225,1.0393541455023088,3.5869902056919507,0.8960843666752836,0.8545619204076145,0.47538224125178974,2.0067395171169022,310859.77
197,36.43480610407685,2355.7555288894387,Public,418854.6512512066,1.4469529043898621,7.1235830855258815,0.6631492475256027,0.5423797366376609,0.5341123308148272,6.683832187683944,376397.32
198,44.906957867652565,4336.361686661083,Mixed,499707.6352124901,0.8170736951770677,15.561817586666441,0.5438850952889698,0.8708044169716691,0.5390836818462235,3.1815808862670014,546011.56
199,44.410778001123305,2778.5762789201635,Industrial,145144.06609951,1.206997426408361,1.580339985234469,0.7132562364520798,0.8467129210081368,0.9715267331557496,3.498575496574495,386901.99
200,39.10383951995238,1963.9626899550074,Mixed,169326.83353251003,1.1842527671495364,8.332794384114205,0.8545696010963706,0.6254020662504483,0.8590291111464157,9.084147383801326,339236.77
201,32.28056648463725,4886.3216097022305,Public,348286.9044355996,0.9535242808479675,16.00463740492402,0.20452168387294778,0.6264168915825806,0.62098414003558,5.204107834238255,630633.66
202,4.6649282672549175,642.5309072989468,Residential,484451.88557027956,1.1002212019451474,1.4338747494327206,0.9935976072118808,0.8144302926722511,0.43987464423895484,4.529153322723451,153763.28
203,8.500621347683381,2170.4872987285285,Public,462116.45668583474,1.2565848041606391,8.671842300555209,0.3463150178633594,0.8810855527418389,0.8677112771838591,7.514839344832455,371759.08
204,44.97843233209042,305.92090833988595,Residential,276293.9840295132,1.3089918378173493,15.906893764800214,0.5761991885279809,0.9382428065436828,0.41002773012586147,9.186524171946209,194713.29
205,30.518238453149703,3725.5301917579586,Commercial,407799.6271370261,0.8005018010946059,17.621328191456126,0.8976237878742934,0.9260697819272379,0.4473235519994024,1.2253270261369944,465984.92
206,0.9552540550231676,4598.575105775838,Public,111085.63389495548,1.4557974010637107,27.84679909860386,0.3800323192353595,0.9824414970819266,0.5562093742881058,5.034149618998568,643236.88
207,5.522841371868589,1472.1829147973983,Public,489847.18289180554,0.9151677606749687,19.715023074267627,0.5814361791203067,0.7906924476682555,0.916243737096393,6.497032204701525,295778.54
208,33.34333757084876,4305.874216315692,Industrial,483958.9553161939,0.9635063039556515,13.02733827336982,0.30606574414494336,0.9543277806701798,0.39225066804387715,3.8670678831339065,552835.78
209,0.750548400387825,1531.869329263299,Mixed,123678.03104562694,0.9844314119856938,27.980184136858966,0.5160610603105541,0.9042566366302054,0.3855639349981682,7.951669499109175,320352.39
210,8.459998545166183,4562.7737920551845,Residential,184740.406161398,0.8264740955864247,23.761606518246033,0.34170836383440206,0.9473338121570067,0.6457824918136861,9.743293632432465,626498.84
211,27.662322573646012,3794.4133276242414,Residential,95069.74887804512,0.8861364865132275,6.80025871226968,0.4909021990169256,0.5058133006426833,0.49348737876557225,9.490846296252549,509939.45
212,34.74881228578832,4044.0432065230493,Industrial,172272.91950418087,1.4904449460609133,4.794428479115773,0.49877137343417766,0.9829514959329055,0.6981095591537119,3.3938428544194768,534490.83
213,32.77208234537873,188.23212244222705,Industrial,417180.105236843,1.0206517161641002,20.598537436539257,0.9945366316786661,0.7367650814232392,0.6161456792782565,3.037044505937374,138743.52
214,11.60133081829771,4817.770749662727,Mixed,220242.02322436677,0.8807107632373345,17.23661180173253,0.9958504234430179,0.8990914947874215,0.6044713744458518,9.61741477919099,620593.94
215,35.752871456703026,3660.687861144584,Mixed,89778.63521604126,0.8748938828222363,23.900534799989916,0.29182902292848995,0.5636020596688904,0.37838107934089527,5.127656386883193,512064.64
216,12.243829831091604,1593.2803673920532,Public,204001.48615050706,1.3036219773689803,22.425346452281907,0.7807750234626778,0.6979705479069871,0.3987347831748881,2.8746795077622256,298293.95
217,16.607285058883754,4164.03385780835,Commercial,491622.50040857604,1.3981980648228487,19.131134481867935,0.24139638373528094,0.6357303315104954,0.874755004212795,7.362972672673764,601662.01
218,37.4513245533422,1479.4538722331567,Mixed,333357.6178666413,0.979866609655929,29.605082977237874,0.22415361226975092,0.6458293852504685,0.9201179163002211,3.5597829151341243,315641.07
219,32.65682850283713,4376.493813874027,Industrial,237272.425882771,0.8146366586346645,16.47410217320185,0.2842671153959715,0.5616278099754408,0.4642784730196752,3.405222775639471,559128.27
220,42.53655881946181,651.6439130184914,Mixed,124942.33107377151,0.9561630129117491,4.280066938549876,0.9723885256063471,0.9028819162715035,0.37942235106733835,8.913241387700062,174525.35
221,33.05183816886699,3548.0612895578993,Residential,493779.55877766263,0.8395609835577302,25.019933379663662,0.952690838315758,0.504621157290539,0.3373916703541574,2.462312380392131,467317.89
222,28.631275865105845,2749.4225355600606,Commercial,419382.0541684079,0.8723764556410291,8.30374750802556,0.3551422562245444,0.6562527284926012,0.7258083296193277,1.5795365181961274,376936.84
223,5.136901007490578,573.01890395766,Public,176664.78610291373,1.1020556838933497,23.54176229617363,0.3293378684429692,0.5872052716082075,0.8007472487501439,3.422677961545185,212729.24
224,18.70193225144196,1285.279758468311,Residential,81530.91307453526,0.9609428596031429,28.75610578400149,0.39242806921275764,0.7945194703041702,0.5609669924422438,6.4625087155438345,295845.67
225,13.62751720024541,160.77977775884247,Residential,75481.50081990112,1.1611621149677964,21.207069904965895,0.6124375952601138,0.6271262013072719,0.7757731072434477,2.107790680629435,154231.36
226,12.577487347264636,2396.9630307760785,Commercial,104170.16727749023,0.9774456272800333,18.284874667544234,0.6557637056283279,0.6294992272640498,0.7990711708916682,5.244352050491144,377668.84
227,48.66402246024606,1576.199777724002,Public,311345.8626264897,1.4583761107720634,14.351199094576177,0.3772747443515579,0.7441690719976594,0.9547395969778336,6.646033993827878,330262.49
228,19.95833737100464,3031.951673059018,Industrial,467943.5395424716,1.4341607775483851,11.567886113866695,0.8052982304719563,0.8263445196704629,0.34541154648457506,8.638632933338565,453979.3
229,44.65630448126711,1556.4652577722243,Public,273534.542602693,1.1967642735073263,11.237137778183252,0.44764253552212063,0.5606523522825818,0.43460420626175583,3.068826320820289,278582.06
230,31.74136198686451,1569.603646384225,Mixed,429325.4671052887,1.0480967943911703,19.45480846557813,0.9377050604235284,0.5877557262327481,0.3479681913178917,8.356116910445106,298901.72
231,39.8431595253116,3741.646673784857,Residential,250648.9789369135,1.066802817424315,22.78692039119463,0.7253781651653846,0.6235873722972588,0.9075957533352774,3.114156350181147,515051.84
232,25.38053610870701,335.8998962939319,Mixed,368862.5955955213,1.0882965982011479,20.676995015048018,0.5490809554428894,0.9868741070589803,0.854811012023498,7.090898871156765,195440.61
233,29.056742289004777,4524.185476440737,Industrial,379342.73177892534,1.309305525494461,6.753892934613319,0.8319296013622763,0.6985762499714602,0.7022494494352873,4.8760621433420965,574871.88
234,24.879625844033765,4276.092984516789,Mixed,128283.6676565024,1.1161472968631865,15.325628224161244,0.8543317008373319,0.7994950453155132,0.3585643870358282,2.0321311814080314,535773.22
235,10.164527896003202,3372.242947809392,Public,212547.2265391153,1.3997109625541282,23.957562093308827,0.43238528448715496,0.620771406357989,0.4913186510576037,7.428371165396639,519126.17
236,36.26137970544451,3006.785693526183,Mixed,336785.9704421108,1.4608663501512553,14.795418267482631,0.4717716350688675,0.745229762578744,0.5084038936409618,2.95986356694116,444146.94
237,14.398231940822361,4472.282240884296,Industrial,81813.47368296477,1.0351623073652538,16.56207511232932,0.9487641229828827,0.5370595871929791,0.6925202372107919,2.589610834221323,560446.31
238,1.7036403383569652,1008.1178796907008,Industrial,212693.08449333048,1.1924861369629762,23.362945396953844,0.33179283069061755,0.5173710729611635,0.48063072582570077,4.224906357304449,257946.62
239,32.45087864740481,486.9488947350602,Industrial,290659.75982653664,0.8665395757827952,20.176693881687655,0.23372033357034738,0.73436676341073,0.35107190473906835,6.879612202835352,196788.26
240,9.266978630648923,1273.5998325567368,Public,498301.0218700874,0.9403283334364514,12.871002705589385,0.5632442580876393,0.699329643759206,0.8115336112973095,3.1059683091156502,244990.82
241,47.052699925469256,3993.433565630932,Industrial,263540.10318009835,1.089426036697112,26.96696862463235,0.8409679201949032,0.5684401598459139,0.5093561481587879,2.6529538490369715,535987.36
242,47.71946456162807,269.8843069597683,Residential,417225.5407014456,0.9443419011312453,5.714444991240879,0.8173344850485966,0.8438007144603669,0.6166619239163105,1.089582631420279,108916.53
243,45.7857873159122,2955.753491909099,Industrial,244430.27827997797,1.4135923435521023,29.869977009119417,0.9356245031302661,0.9964517454496322,0.3893666444876137,5.244787873915512,461943.38
244,18.822855662644496,4977.6438293374185,Mixed,408375.825178869,0.9108003792413687,4.446724775810878,0.6265605314952323,0.6978234105983563,0.8617838123762056,4.857810123836645,604930.03
245,1.2651025181789377,4292.910859803943,Mixed,317936.6607290488,1.1189625750871643,1.4335491620229281,0.2800517372532267,0.8122793179586972,0.6958723138468403,3.1048096927363864,539137.5
246,46.45176884809241,2655.0838763135885,Mixed,448967.9486760792,1.223989468321913,26.810548133314175,0.6709511794688129,0.9814879711822428,0.9311099383469039,1.4828694760872168,416254.35
247,21.69511534170706,411.8404555045475,Public,234924.14855754946,1.2843047357125912,8.103651742612726,0.8227164914825693,0.9157674862234376,0.6468300941457333,4.863302871362532,164186.85
248,48.349413542661644,4173.730220489979,Mixed,321936.9889196655,1.0681485588085549,22.161289195954907,0.27466249621586114,0.7317761116513428,0.9589979702725158,8.093845999644682,596529.89
249,48.19918886591802,3034.9946900683317,Public,333508.40627847234,1.40836934810731,24.519445873030012,0.3381259208780718,0.8687447422299597,0.9243077430669282,7.437539181944593,498503.77
250,42.72396804563432,663.1716855918775,Public,237822.32381021298,1.1978234057545478,25.910605339931386,0.20983252892453674,0.5640675201252621,0.7035218995214637,8.747154008741532,259558.36
251,15.075220157444491,559.9006956344454,Industrial,114940.41965936669,1.1076554463132862,29.756232834260835,0.6749220635574483,0.7560519277318996,0.9537254067049044,1.0862441894184007,205146.63
252,19.5623375657953,4557.171415239302,Residential,92101.733110551,0.8470684438364257,9.527151591159972,0.9093875135567235,0.6395301385899683,0.5261621231061866,9.697773851241386,578854.27
253,42.63126524008442,3379.0812883965846,Industrial,57502.19776983489,1.1252826279116155,21.597056915890516,0.7365306528016797,0.5805818439480805,0.555949513892948,4.072710273647035,476751.95
254,16.187639255235744,4163.505316652102,Industrial,443090.4189103466,1.3745150885710111,4.346595890144018,0.9856320700727856,0.7131404531272674,0.33183456591422583,9.913580164827684,550411.12
255,8.889890960961578,4406.99661138311,Public,156413.71050741256,1.2301787127549209,12.797469449348633,0.25042692199980926,0.5655072772168073,0.7124406347346971,3.273575145415972,580906.56
256,28.06166249168833,2901.6845250367787,Public,145178.03717679562,1.382513717610383,25.59117910606512,0.922400868121197,0.8494925540872428,0.8053467789502533,5.243827488204203,455139.38
257,46.839661320958655,2635.487123599702,Mixed,381215.9301917295,1.145808169419514,11.662083335714142,0.8512546299093446,0.7281200220266677,0.8414634331694721,4.185349089177733,386401.63
258,34.953474935411165,2209.094310572852,Mixed,194007.2508893263,0.8829231935661374,18.141766035532807,0.45139321639960395,0.7655723162823319,0.4048714002322723,4.201846434948724,346909.17
259,28.718027919423566,1653.0382801764845,Industrial,277720.1115853265,0.8095478920851168,15.609429868014388,0.9788212414698014,0.5731879693340785,0.6109113506187502,8.580538888733942,292762.93
260,5.310236441653043,2229.5202082076876,Commercial,123129.97938385533,1.012253682703014,19.73259440224931,0.4303501985371321,0.5698858305467472,0.42380424846574094,7.717770457636049,377188.5
261,30.942857721608902,3892.010313077766,Commercial,481885.5746578862,1.2885933300484547,29.213937292243152,0.9114437790625749,0.791707717630062,0.7634891441979741,9.929362917070433,579651.82
262,49.50766558016103,3049.4248119741446,Mixed,433211.6300077568,1.3531819327591856,2.6163302685406613,0.9045988616593517,0.9925048739147231,0.41056246069523766,6.521632144457612,421527.91
263,7.43415875420794,4473.364120778746,Commercial,438705.33033425146,1.0070269842342305,17.64488400754726,0.8061260932823779,0.5481252916188628,0.9329145787692523,5.169309439550524,583300.99
264,26.157317792004967,2272.5620704580197,Mixed,233048.18685740235,1.146957744618273,26.02783459825826,0.6507763790502815,0.6428657142828906,0.4614442519629893,1.8106647665220201,365425.23
265,43.929967060433796,3074.738935721895,Public,393062.54616822774,1.0947832331038572,14.960098640704398,0.2960021996935105,0.9347295582689438,0.5039815864017714,9.96905277562471,473198.09
266,37.16804657883312,3193.4070101507446,Industrial,114744.26992540108,1.0873659490459995,3.2772883923056115,0.6255773875971986,0.5361360061276185,0.8956344255056998,5.963775876390546,439232.65
267,35.00227917926576,2999.316095300995,Residential,53878.55116630113,0.9619440992401054,17.255641220086357,0.48543700452394767,0.9379428606834757,0.6209273271020066,7.3042972272112765,446920.94
268,35.27296215736191,3542.90548811903,Industrial,58987.819660112655,0.8954597735206209,10.630142833890792,0.8337736265242814,0.7621429916873756,0.3167971620600511,4.6606814847218025,454950.86
269,18.29481198537788,1263.4239950365507,Mixed,313970.7818320522,0.9376819907618492,5.493311774800141,0.806503365197476,0.7041333869632129,0.646210375841852,5.929441373613123,232591.15
270,15.03279629109242,2610.5825099743743,Mixed,254927.70736157335,0.8387326710143423,25.622000885220718,0.9284900058980843,0.654840282175728,0.35918033476608613,9.483199587035985,410991.54
271,40.56337719618642,610.7015337609037,Industrial,283106.9070088339,0.938691519276504,16.126385876742525,0.2118641299453663,0.648558579063921,0.9897413030811175,2.497774941384425,196200.84
272,40.60061303661945,1984.1055054595815,Mixed,53358.41318774873,0.8064406283377656,28.065015958992934,0.8472825734584368,0.6529012912247394,0.7116780993189216,3.6313532589722914,331839.89
273,43.42007976971513,2489.5686362441957,Commercial,240208.97884584157,1.2390808804451847,24.374478633489,0.9507696424997352,0.9424015404800978,0.4795728323276849,2.368537550002291,382585.5
274,45.70540735154533,3295.8988717728153,Commercial,373130.6725403874,1.021462785171378,21.096182019436352,0.83144035928652,0.8618976150873927,0.6946023756833324,8.129943134242971,482466.14
275,25.81144874361642,4757.602157672397,Mixed,249212.16588534613,1.481201297998836,1.145739597594046,0.3041555678962934,0.8348615039155753,0.35380697236722836,1.558407343796466,587859.16
276,25.32505658701638,3043.1902260869438,Mixed,379498.6428405,0.9356019355434085,13.40688024250925,0.26502328387271024,0.8993745744760004,0.859923912988172,1.7346848486620448,425849.29
277,40.01561135885537,3743.610189265143,Commercial,154858.53397857567,1.0420799992167158,6.727102167908937,0.21667619184616066,0.6285573315020725,0.9477296377049145,3.6864470150863182,500813.74
278,32.67321457349937,2580.7036915264935,Mixed,415913.90201677644,1.0504888110490733,27.413139420417163,0.702996180662457,0.8090214060408778,0.9121110717443117,5.6276936282891015,420725.76
279,35.247360424256314,3207.1097537440232,Mixed,314794.05820405355,0.8059160472437225,6.062935555614448,0.7037381214879099,0.7300331194789755,0.539230321608994,4.656473205036279,416097.31
280,39.891737137087,447.5678590554898,Industrial,144843.3947434578,1.3874455671276213,9.295741498119279,0.9895309713745699,0.8912208176000966,0.528037683750358,1.4033467960372654,150624.22
281,44.55526441996953,1346.5187461250503,Residential,156524.2141342248,0.8223961221010273,15.988266264300476,0.5184345392832765,0.6546280552366428,0.32456132785141,9.617424020838564,276771.65
282,17.230760264151023,1873.0801567051797,Commercial,332613.7090562917,1.458125884310469,8.6375449509443,0.46552502791799744,0.8215893084349479,0.7559802510906417,9.575825683222753,356529.58
283,19.09135615567723,2415.2174395319166,Industrial,423472.8169455995,1.4244520457655345,7.086075641094514,0.699539941747514,0.9411062059086568,0.6744333489328564,3.514206909166839,366997.75
284,5.152106022123015,323.6788529616803,Residential,237032.50191311984,1.1748653412601744,18.37388042797982,0.8604869380060751,0.7010752380974643,0.6215424599291389,7.5837305374172335,182388.77
285,29.12486697931061,786.1180780112567,Mixed,166235.1931074165,1.1805169024379045,3.578956159895692,0.9494191596184016,0.5333110436837307,0.9353416673342949,6.2071787024490135,196068.64
286,2.2791425529387332,1456.3901081773984,Mixed,440155.2231097702,1.2576445460693093,2.686865002906817,0.8424993329432309,0.7580254111708964,0.4175152307579924,3.1372902550506168,242644.29
287,23.54710189755678,4860.510185415148,Industrial,351170.73128787574,1.070935008354421,11.795113560396072,0.5413391844926438,0.672986243903513,0.3067663866831276,3.359543965674539,599889.74
288,27.36090941802504,1723.6003348049487,Mixed,251638.46927738443,1.2530555983784988,21.89926918072801,0.7079313882496514,0.8361126902735875,0.3513215164845358,5.420378568794054,321711.26
289,14.683791980350078,2462.001184749204,Public,269555.08787568583,0.8313378720819409,17.089395989944492,0.8850394613728936,0.9755164623743031,0.4563600064791582,4.773132473476242,358386.57
290,29.746246398166033,1060.8787924181254,Industrial,141915.41057137836,0.8378333391448086,13.263417585536587,0.5924877506493915,0.7428041589984236,0.3232998844844199,3.6210639540813783,211308.67
291,2.009762371982947,3092.8223482712647,Residential,332061.1835291798,1.1200612937336811,17.406795362512888,0.37334931496431417,0.7330951150777669,0.6519905974501948,8.26760436674634,473275.79
292,2.3487353430861138,1475.347756028274,Industrial,211434.1297442999,1.1847356107742244,11.598093054944934,0.3357787517982984,0.8272924000957301,0.5198633186635047,5.3331662587364645,286962.91
293,41.21872775265308,1114.2636343482914,Commercial,498040.3295034572,1.4214723482350733,28.148243727531273,0.20012619566244538,0.5517487517967838,0.4263381056476928,6.893632561502151,305825.7
294,18.329436749857514,2631.2058793852975,Industrial,266082.58186784957,0.8732624437355274,2.5922418364124553,0.7745903959850275,0.6267530944625073,0.8250588524640634,2.7034615015108794,348755.54
295,6.789495376268297,126.97841588606202,Mixed,268648.52278532594,1.3758535490357224,20.52835289186522,0.2888777670767924,0.9594896627501992,0.443115928362771,5.80156896264838,181755.9
296,26.351041372712817,137.5537599812041,Mixed,304633.3043348023,0.9470331361044487,26.847197280004764,0.3950712797567524,0.8349713066818831,0.7813235706956552,3.8617844450195937,167887.83
297,38.614680878381236,1173.4371645991032,Public,462540.201403436,1.0758585539570222,24.31265655332235,0.4383010652182347,0.5067220219917081,0.5444854340933472,5.737722493553904,276210.18
298,11.183140861093737,279.9346762540236,Public,410368.1449368876,1.021621704379189,6.337190009821955,0.6483038881094147,0.60231273627951,0.6582794324637882,8.027432500698353,155605.29
299,31.33307855304051,629.3261952403877,Public,253008.53140902866,1.0801086910057793,9.581864120428362,0.5183658218366154,0.8414186330144495,0.9537069278959238,7.920218890821355,209237.86
300,4.724699517191516,1760.4171817598829,Residential,373414.6696877582,0.9053468486508099,21.794390222506035,0.7397391936185296,0.8821996012812872,0.326146144371069,4.187986102308484,300163.15
301,3.058245197846081,4032.669829941083,Public,313805.9744513427,1.1524990520824885,3.4438462162422008,0.24451092746296219,0.9199297863370209,0.6501851552342233,7.248494053716752,539686.07
302,26.802054262623326,2903.038352509574,Residential,271565.171915562,1.361149812881957,24.543989295144936,0.2991513554115516,0.6460884016910224,0.8980960722293327,9.471609553548493,493807.91
303,27.261438519700274,2612.0718571864404,Public,136542.09775295772,1.109073807265228,21.848301393538918,0.5993692028266133,0.9655142981387813,0.7115819738592439,6.631023969324158,419767.93
304,32.052780124161224,1538.095233719796,Residential,258771.3185547009,1.1434295031287394,22.158592827824936,0.46957183027746385,0.7764734467889463,0.49380936187560964,2.3356911104437343,292780.59
305,36.44152101927175,4665.5932252208,Industrial,160618.36416015858,1.3941373096969198,3.90699973776015,0.4366506902010878,0.8482695111939464,0.578376794601524,7.117377663511856,608142.76
306,48.80467793339546,2045.373702062239,Industrial,461678.96743324463,1.2942406802466215,21.815055799670695,0.2536224632300182,0.798369431389954,0.7761859401100022,1.9441394771438019,360540.34
307,26.056867240909167,526.7545572992803,Mixed,200933.0660733561,1.1433180859638492,20.714725631379128,0.9165753397984011,0.5613700273373102,0.9235683260196621,8.848993679137244,216493.57
308,16.486345410591674,3123.625928977226,Residential,478518.80654001754,0.9803869537324258,25.096752233833666,0.7534548689000407,0.9815573296924399,0.3287464616226281,5.649944462217462,453803.37
309,39.86171664105083,657.8081280353468,Commercial,289874.88054262,1.4194487227914765,2.2062827314376157,0.29729452545571955,0.5614377899470764,0.3500771753232635,4.466266626804216,191596.23
310,13.906196437472675,1791.5933997282912,Mixed,334194.97040427214,1.203914281183391,1.6702093855659736,0.2520367661897125,0.6274409782055919,0.5275360665267113,1.5130593518472315,283254.32
311,22.229085324928988,2586.3184997172634,Industrial,294323.2000201975,0.9548033270774854,11.817205896478262,0.9798980267449944,0.9068139401114901,0.46294577910623524,4.427053611328987,362016.13
312,4.383590876442165,4383.690370957362,Residential,108221.2776350154,0.9883838268466073,5.314860231625434,0.7449380403516039,0.8092984807505508,0.4854516203556842,9.128860011242105,561423.07
313,1.7548617990651467,2518.3782436665815,Public,219119.54855357343,1.3621931622553722,17.193149849536436,0.5339648568749933,0.9190745826881785,0.45488899903811664,1.1888469665767287,383351.34
314,48.15109652655729,3541.067953555155,Commercial,94615.75052493077,0.8309018934612189,27.603118143695717,0.761384832604628,0.7578680941870224,0.4370775341986104,5.271833420036244,493115.5
315,41.88101596535419,4964.802511095445,Industrial,330329.31988252176,1.494464530920174,12.352912179686456,0.8050654291841273,0.6884966176833174,0.39143677680850425,9.380422819995601,656501.16
316,34.95072320163805,744.2966875001099,Mixed,251093.3878401975,0.8912461758003543,25.50356094090552,0.8239697619110236,0.9609227497738925,0.9537678922566666,4.55356899788519,217136.56
317,20.74317074850636,1446.1844750456455,Residential,400093.23720692156,1.3572479677778562,1.0069853610181276,0.5823018445224462,0.5181261587573974,0.40093262473430713,4.853581187159353,259317.29
318,9.078068843506866,2033.4227704284674,Commercial,149211.71644971642,1.076342721740178,5.8869246603163425,0.5439062064998784,0.9280651101765229,0.4430826423358753,6.207040496792079,322517.95
319,8.243633612218758,2166.9580748402736,Residential,124054.72629320071,1.1445513283012267,1.882282649968483,0.20882246741512028,0.6154088925938908,0.47238600678654996,5.166436002194652,336704.69
320,12.88702345914747,2114.0032688011743,Public,232849.50393369552,1.4164554042252044,10.516268234936991,0.9412456921134704,0.9243681638769838,0.9531104111912942,2.5174152211379717,336673.58
321,27.686719902952962,4547.293912527119,Mixed,466963.42244827154,1.0890378327124492,27.33749827519858,0.6826463027111545,0.5695983067084428,0.8289998935207592,1.1669998516287436,595803.37
322,35.872498173653085,3598.7599578875966,Residential,369689.8167555853,1.176245627571264,3.811611584370645,0.3625231497519745,0.7901094818452703,0.8527896012208602,6.488304921808314,494947.3
323,33.1797701475277,3078.7355490444484,Industrial,238515.6311568134,0.834509763686419,18.58588352557021,0.9356827355371493,0.944053959505736,0.3733307816769486,9.28725928307031,442615.85
324,14.35672789882417,1615.9263175276321,Mixed,282772.4763894398,0.8016432317072173,14.093382234463881,0.9319455214162371,0.7367698234494453,0.8854169125109701,1.9572771972444907,259401.89
325,47.765831392828105,4136.572882684344,Industrial,87895.85502969426,0.9713599111012081,28.21557815860856,0.9913473314928767,0.8732833369016965,0.5857351572721925,2.8985744732747802,545125.17
326,37.02589737644054,4779.796506276446,Residential,493059.1533692509,1.2764081650431371,4.553055133575722,0.8992452505111832,0.9023358089277792,0.4839761183486721,4.332065372424761,585277.83
327,27.940525599314334,4123.87158449611,Mixed,349883.2871127135,0.8848854253513957,7.1488076645646395,0.9982275102560518,0.8682471043583896,0.7030250584642174,8.278680061190077,526448.6
328,30.780176938600437,107.66901543821723,Industrial,178431.8308085401,0.8796333711631846,1.856717089733305,0.3957489504986181,0.9626648684372991,0.8755280340717138,3.423342848238798,111218.44
329,21.2702030901756,3218.3667138986943,Public,313613.77739685995,1.0876724256251324,13.584122239309838,0.8737996681593874,0.7234171152599643,0.8450565057524364,8.938489638508916,468772.19
330,12.762683980307294,350.56336906629355,Public,99267.06473104729,1.2534859270257586,9.057154087374974,0.8584226470366116,0.5865627195825779,0.9229982378067925,1.4946208718505978,146021.24
331,18.12064759323745,1362.2753796352372,Residential,484626.50096341263,1.2984503945735515,26.227272082819304,0.384752287376587,0.5239055318512399,0.9496925302108106,9.468609591330413,338406.56
332,38.01338246798627,391.67103170408126,Mixed,128653.24454751467,0.9249154718688624,18.543283582734897,0.27875003920079267,0.6232299348187526,0.46668544999942463,6.046723700863884,183719.65
333,1.2124776871729155,3058.597719452,Commercial,341613.6431248464,0.8557117031604298,18.808631401295347,0.9835364109420797,0.5715987519401211,0.5967005259184901,6.928999106389341,433337.71
334,6.245595705092354,3464.290576113773,Mixed,160454.5081425187,1.458277923761881,16.42541020955777,0.4368196412164883,0.7789743707172403,0.310239977443549,4.309205702827178,496837.79
335,2.777130780076761,660.9894265229351,Public,372902.6221918411,0.9824664677934712,3.663659779646829,0.896713432374245,0.592472668605866,0.915525161485542,8.037948569599543,184147.18
336,2.5160757147890216,1980.8105269203995,Industrial,399569.61525812646,1.3973425483261068,13.905541828035302,0.20330172373968314,0.5194668536446856,0.40820050603233726,2.4990962507596546,340313.52
337,42.845298908544855,2335.558893882156,Commercial,353038.8780101447,1.4044440153239728,29.985650501546978,0.21681984577568178,0.5179949144343339,0.903032368639886,1.4402064275063833,412515.95
338,35.33106403931117,1908.3598066284912,Residential,326524.75711483666,1.340765814233781,25.22164943453443,0.5726970469570947,0.9157847491824308,0.5305711253906175,4.559652487968014,354551.43
339,23.971604539822597,693.0225023774459,Commercial,451611.09227840527,0.9181835246567991,26.91031257084636,0.3909717471480509,0.7957249657215124,0.5576935129867967,8.683261425829356,241885.25
340,5.342790952224573,2152.8441719186294,Residential,85382.01994539112,1.3752610214779404,24.873564418148483,0.7518730267487714,0.6790426509466891,0.32739257813870154,7.794341529739252,386760.66
341,24.8349858182832,3780.7724342612487,Commercial,198911.64460108784,1.3384753914691108,3.9882091094984977,0.6524514604543634,0.9471140213701235,0.5288151528357237,5.654403734400622,502257.54
342,23.936852653638002,447.9375562129518,Residential,161729.36583388067,1.217706093074352,7.595999367879189,0.2619886379603932,0.5350983057038567,0.9218545779608849,6.149239724488181,192200.41
343,9.073492560545752,492.8820690013269,Residential,494606.28292943974,1.036041424618267,1.0905278893358792,0.3301026370525737,0.990161036363913,0.3178831807851229,2.169035436688799,140571.75
344,21.975656637279666,1838.3793299963227,Commercial,225225.40085009308,0.9837560229865809,9.801793621465233,0.5104394160467314,0.8081458951272305,0.5844292311327077,8.56613357755824,321834.6
345,20.225984352669986,4714.455986932733,Commercial,379675.71465817944,0.8853224484562513,4.149614668048285,0.34848325116434653,0.5917321269844242,0.3219797408689188,8.082637146677772,590411.14
346,30.984579853584716,3376.0059689422787,Residential,358126.32374645205,1.15682994683061,14.711007013745908,0.833777877795143,0.8395345494884843,0.5596463975763455,6.908233544982485,475589.97
347,31.93713571794837,3425.4827876955674,Public,145436.55686481998,1.2096826128568927,20.636697168643156,0.5328561884426241,0.8816906298917813,0.4208484485462038,5.195719326960446,492722.12
348,2.7425484837162037,1873.4079551055383,Commercial,157548.9560951981,1.0515372933610512,26.360653556104236,0.27474549347399946,0.7146713916853873,0.4765528752878604,9.680133414515613,372338.83
349,19.043324424010326,3008.9378769218383,Mixed,176578.05359886534,1.132751347376608,22.727297787636047,0.5874743218176999,0.9308163031227736,0.9143188612129933,8.91128774688824,478202.66
350,31.480065827854702,149.64280173594256,Industrial,235007.27521672065,1.0544601201584867,28.21898227757665,0.27267054484913134,0.5753662036482352,0.6052344544353236,6.799874441631567,192054.88
351,25.405244799714342,3216.8706274067567,Residential,155446.27954273706,1.248704240124491,2.563050421419875,0.3031498443358538,0.6394187917888041,0.4916585939813385,4.346208979455591,441723.06
352,42.896247138821956,4575.10604312356,Residential,58843.167236081514,1.4308814454575942,1.3532152270797018,0.39168786562256425,0.5467461807919949,0.7125368645653833,6.562200508133611,597073.34
353,33.105334765137776,3101.609994889614,Industrial,445726.875563238,0.9147441834328615,20.17880530125017,0.8876221641979918,0.6054389203036761,0.3994748718828076,6.178968338775988,438527.91
354,8.565254140530769,4381.12310798509,Public,484524.42412139784,1.0669861669321863,9.39121989644514,0.9396900258663776,0.6193644059555725,0.4815741251945991,4.548177890514247,544427.0
355,3.9931529963212773,3647.46797178386,Industrial,203706.6741642056,0.8986080227656029,8.35152946706742,0.8610061834656553,0.9588165954608551,0.6823735773220219,3.760065745192685,462995.28
356,32.29975427121262,690.7362403780822,Commercial,202328.09574146278,1.2374606392854823,10.595725543120034,0.4672617739342778,0.539054844375578,0.4662661292936482,4.663097130135902,200766.69
357,1.8123098718102797,4522.021205700625,Industrial,53191.31574846694,1.3102093566420172,8.82408567887856,0.41795715288706536,0.7137075600938547,0.7753894161806112,6.165202654300581,599157.58
358,29.495891273036435,425.5748373432969,Residential,356112.80974866834,1.4523389128182191,15.831655782746031,0.6393245526321913,0.7661993436134564,0.6440439115816657,4.853213602399849,194821.87
359,47.0413969505354,2716.4406154840426,Industrial,421447.95308688295,0.9952103483826755,13.764304969499841,0.7774825284264899,0.9493465269010803,0.8403923491782836,3.3721703938124548,389299.12
360,28.985971804856007,796.4719065879426,Mixed,115973.73516200142,1.4651478441058012,15.860427989923034,0.99469823052814,0.9988481093306067,0.9637711750057281,7.848669859847279,243305.37
361,19.714411347222836,157.36239258142993,Commercial,121849.85721521784,0.8442838702744724,20.508694733512648,0.305256569503141,0.8766940574599179,0.38106342254318537,5.783207463616717,156353.99
362,32.342766812896485,2167.9678746254313,Industrial,405537.462487147,1.2221097043552118,12.226784760163302,0.23943359921904356,0.9853954952845148,0.5342655069891814,1.6090764690303998,343921.64
363,23.183518079330074,1545.6994675053656,Residential,327330.8367593651,0.8399929035403311,8.287922927122548,0.7554847111962169,0.8935505662679368,0.5236843440148846,4.31484855063513,252534.9
364,27.50803107113878,2481.4024196082546,Commercial,70187.25093247266,1.4256419314333613,5.8198155674536185,0.8657806268031245,0.9816013204857084,0.40582804353607793,8.964221114907943,388027.42
365,47.102508034437996,2928.279444999299,Residential,330146.1457080268,1.170866339949038,11.13474946644614,0.8770790238931385,0.8536353629722275,0.8672121961334296,7.797128780799567,433671.69
366,19.612080571138325,314.3214543138421,Public,189012.9752796947,1.2685438455339573,22.51238778213899,0.7427708392617285,0.5398817127255355,0.831915092827153,3.909221055496064,183793.21
367,48.07893290928375,702.7161461063537,Mixed,215926.31996188068,1.3821017481373168,22.944442393232617,0.9632126432953496,0.7009600934963383,0.6390978295840792,9.443648368400583,246380.16
368,45.31485677682515,2837.347742607084,Public,396379.1382335961,0.9052174357387781,20.3402562138421,0.6088038108356695,0.8232986419012351,0.6764395444562267,1.6894261752238915,403398.9
369,10.191661172070173,1781.5200305460253,Mixed,414920.83670267474,0.8270140933566937,7.786817083899363,0.9310518386689701,0.6753592547271254,0.3416808966017474,9.6511123350297,292240.23
370,3.93338439332069,3672.950088992295,Industrial,230160.48207792378,1.4152168021389966,18.054501129786235,0.9742497095932185,0.6366919590568894,0.6888551466289319,3.2113458323620807,504779.55
371,5.4885110681826195,3296.2290781005045,Commercial,476218.82120285963,1.0204532592212527,17.550000185728592,0.8777259656024863,0.7886996335665455,0.8539390668137454,1.0818476227217735,441912.27
372,1.4019803697517115,4243.461378650543,Industrial,232908.2230784325,0.8902852355490157,15.04371974518204,0.4478068506068965,0.9667509383512174,0.7016793015087,4.904272328664941,554066.51
373,5.1749265574184555,3493.214850679204,Mixed,397326.2158535495,1.1279228659609606,16.949390605132063,0.3569725209362362,0.5174909367580768,0.4857144590842932,4.230733867183078,489773.77
374,34.30883528410966,2206.662279211726,Mixed,267744.76905391656,1.2188142529872132,15.261928346086375,0.6384960519854548,0.8846156017707189,0.767283790634036,5.851801046861144,367599.27
375,4.023838098781335,3397.5364497327187,Mixed,453889.5469349378,0.8216794223957571,17.39823461614914,0.5624118003041507,0.8613636390223136,0.5530419009756733,8.170955745128609,480687.01
376,16.289293699541183,1449.3677538515508,Residential,458492.5596425804,0.9924269607799614,21.749672684012733,0.9022066737541865,0.9819767126941435,0.6814112990000146,8.581877219354023,297538.69
377,42.321327892988,1600.936144013242,Commercial,89337.56354198774,0.8229599119938272,4.179217637699752,0.280025336853723,0.9653556111662718,0.6412957542952473,4.611069996505226,267075.77
378,1.6519608189233803,3966.0272836118875,Industrial,471421.99908960157,1.0942347724368493,22.73914681232169,0.4061920490492149,0.8811162810220965,0.566822500675626,4.868611693357152,550284.25
379,40.81618988815232,2287.4556303677527,Industrial,421490.67868418706,1.4265700203463711,4.940698353700231,0.8014391556149669,0.7602043823412994,0.8032145862758946,2.333599572965263,343656.31
380,14.451811351283297,4012.063668539927,Public,406089.8214407001,1.4878566880454984,2.9322119539008664,0.2759893159818497,0.6021337766167599,0.9187132783901173,1.4279284799304715,528712.78
381,6.349158967271984,4129.869630974565,Mixed,140410.1028584851,1.2459332874525393,29.30631090042256,0.4566115312173602,0.7726178591627872,0.30364876293384746,6.770934912115222,590118.82
382,34.98848968552546,4302.05545454029,Mixed,412303.6439395992,0.9131463856492144,28.752761297242802,0.5097243152431865,0.8826759969598269,0.9535315634612571,1.5799386299742304,575070.43
383,31.63267091560426,4591.512655621916,Mixed,432559.73060826655,1.434094572999514,2.7526598032763574,0.6980750372501521,0.9478346063189466,0.6580605952582574,7.6044710747931035,596615.79
384,43.93486466958912,2211.8275805151516,Industrial,180117.65050436792,1.1613734762400423,13.854349802773902,0.32650611657549167,0.8948560046052745,0.7905123162542855,5.851811305200227,372236.18
385,36.88601666829235,1662.4474097735804,Public,478517.0352630457,0.9076245184720427,6.401103210693467,0.8884835922797676,0.597633467595527,0.8989371963231139,2.7872468040347504,259711.23
386,40.272306054050006,2952.7738583111577,Residential,72437.06587962391,1.445208668616163,15.075002016898125,0.5580337883730194,0.7998431571140296,0.626972584619989,5.855706491613846,452770.86
387,14.460711342279671,1918.744874844375,Commercial,117459.16396121285,1.3302283355061721,25.075140046988036,0.9336173695044452,0.6660867297656785,0.8844818513554231,2.6469794494188896,341447.56
388,9.28325741709628,3045.2634173211413,Residential,291911.5121231814,1.3121936909062062,28.56774146754382,0.5742959309071454,0.5046028336953214,0.42433387361864155,4.948634867593708,473275.07
389,37.65543020622249,3557.370726954741,Industrial,309106.61200503935,1.2964264926560833,19.393326950094583,0.4200322071525867,0.600110467894333,0.4114172741358701,8.19604284618006,525971.16
390,40.43831959372957,3473.184590611471,Mixed,340317.5374854065,0.9402378747675096,11.263264349142695,0.3134630629501399,0.5566103249667247,0.7602299581993075,5.1572736406957365,478455.67
391,49.53000452903333,1935.3091463985945,Commercial,57636.10819195991,0.9477046841952683,18.496441403693353,0.20299607576902787,0.9213595617697343,0.9091001038862159,2.338293864677934,331703.87
392,20.92457500711561,917.6149883238888,Industrial,482165.0485799586,1.2818050988990786,10.04803787714506,0.6257259879878685,0.629253126073906,0.9246983242752276,7.514458136406506,243248.67
393,18.914895246742766,2209.593758464817,Industrial,70064.64173036479,0.9538059250772779,27.38488558412975,0.28572535754153877,0.6423489844437777,0.7506183208640725,2.6809157464300797,373257.84
394,38.93244155672885,798.7113060013528,Industrial,114377.87872553107,1.1070701877621343,26.241613430069272,0.5133822109049426,0.9799682858994421,0.6678424611465221,7.646948869330985,253902.67
395,17.369775242524383,4461.475472400661,Commercial,56306.53288672564,1.347401277915759,17.18872075811017,0.6714174089896694,0.6895433615244261,0.5319751613875613,5.314170602942499,594956.56
396,46.57248761737645,1794.7995576155013,Commercial,305086.29498234263,1.3487667626684887,10.419168546030456,0.4205487175221603,0.5047928200721973,0.986000290919532,5.083675831848714,330293.39
397,42.99143121622908,856.8527613942865,Public,469520.0977644375,1.1172832407681017,9.508300591906373,0.3401794338928922,0.6419230741730683,0.5237869806663753,8.662915340717273,234171.18
398,21.73520435506341,224.6940235381793,Public,349676.2247362089,1.3545329567926716,1.9691218464467244,0.8197772980874733,0.5596497903009062,0.8209302750621152,7.377431719066019,152850.54
399,37.66811785567912,3264.529692803773,Residential,420195.8608161923,1.3870352573386397,24.65880467973356,0.9574329378252966,0.5514042808679269,0.6723872599335005,1.2961971725944532,466353.31
400,37.84987226719178,3220.821355528242,Commercial,55976.54155636104,1.258343025898982,14.061113178131231,0.28035233428957285,0.5387436450678748,0.7259586397677427,3.6655688314144212,467560.06
401,5.604631507378664,1768.9604162483292,Commercial,293906.88431587676,0.9598980966158941,10.428854923607668,0.3244722595080063,0.7966297350876886,0.5754363854120383,8.838285947649087,321720.62
402,45.17636888063855,451.3882553534899,Commercial,256803.33987748486,0.9918082462698833,14.662200294934863,0.9680101258021749,0.5946738618149293,0.9753761878305733,1.1649355169067879,150361.78
403,25.50999243616893,2107.181584986637,Public,274535.57489935687,1.0203888087861148,24.74340172318491,0.23022737744979704,0.6806213970205053,0.7001776282694897,5.907281016357733,377873.35
404,41.409644572333214,1624.9657258106286,Industrial,82495.93340083458,0.8817628754137664,4.613812023518115,0.9821058692403779,0.9310088580650084,0.9564513413211528,7.550431022565495,273227.72
405,16.34245525101528,3417.891134701546,Mixed,357995.91248118837,0.9912117342589616,25.872023659012992,0.20371558646799104,0.7121690698981378,0.30531399132173986,6.596704769361183,506069.15
406,44.828399810561926,3068.3183223181827,Public,276449.18668638554,0.9466634570187725,27.027756218142265,0.8989349245210652,0.9578456750258189,0.7008694082337846,7.844789818939928,464514.82
407,19.765483097341075,1886.509268167946,Commercial,394316.9824375688,1.1187301248660215,28.454529535982758,0.44586014479019964,0.7489690266978031,0.80203082280769,7.531226640232712,371828.14
408,1.0364637482747687,1167.6735158494514,Public,268380.7853277719,1.4359062835105854,12.527151780256206,0.9508710865418373,0.6994183074198779,0.8215561198135526,7.22827625637802,267664.25
409,45.31640783275355,4941.3762341624,Residential,117221.73630189443,0.8731362217277707,7.297071717092484,0.4535562309084684,0.8751944635453508,0.9334838172471769,8.393858748330869,629425.51
410,5.018690500913611,2324.6079438609627,Commercial,341715.6293350199,1.304187546763177,11.835583735534257,0.7234450572272448,0.5365875493840011,0.3030811263026504,6.8112160160458455,369755.85
411,16.30602506072554,3472.5437553231613,Residential,127573.8629473248,1.2810981030891895,10.654450790710696,0.26402605581274935,0.5447391914912088,0.3002311114816335,4.6217664483128384,483817.24
412,47.52806736901484,788.7095411339678,Commercial,442577.5535096667,0.8670279390643504,6.108463462582941,0.3938638491629912,0.8259868569614803,0.6305844225566507,5.247181989231288,191484.78
413,47.55505377340903,2479.3895283310494,Public,325902.3075811587,1.4458006834340602,18.61073343294315,0.8189434771834005,0.7434703566196241,0.32050559350375946,7.450523044133055,406562.76
414,28.885175462102662,234.92992736038087,Industrial,120741.74760062942,1.1979305415097738,14.822100654750237,0.6229486829430557,0.8952076251596051,0.9821727875636621,8.886754267001145,188431.13
415,31.775942002405063,2576.730077761205,Mixed,483052.1258665431,1.054607864794979,26.105328777396107,0.9423752494296358,0.9581354186717657,0.45544562217897433,3.449969207557981,390720.63
416,22.69805333792683,4823.685294876742,Residential,283264.45850089425,1.3295770084467147,1.9311778339796892,0.5430011266730834,0.6941834388357737,0.6308653105553912,4.078691163739637,599436.54
417,15.013933199054195,1982.612893630421,Public,82804.30334224475,0.9801558208811438,19.672169899098662,0.8958498926511385,0.7982050132923231,0.3427963410085565,9.376654567261713,343478.35
418,16.76889499581084,291.0804616170668,Industrial,332074.80698678026,1.2854568859324242,23.125517476835274,0.55916434998259,0.750348313897655,0.665433891319881,6.2066061316850085,197210.7
419,33.7896635758134,251.6833755047833,Public,163939.5081557646,0.8277978453005731,23.025110506460905,0.9833986229615883,0.9908053278212164,0.5659692876031859,2.6106563542150094,137487.61
420,37.74253920716516,2001.1351237396605,Residential,411662.0533447861,1.3875856263264903,26.69614504577023,0.9678675051191015,0.9155422036782976,0.3312620202140566,6.973256250211445,365364.89
421,39.6831626644295,884.1221886696508,Mixed,418019.9331047858,1.113719592914923,22.141978542055327,0.46330936444486426,0.9558688541386768,0.5345869866873573,9.916859399854417,264766.79
422,39.586098068330415,214.42527200811097,Public,490526.3101345978,1.2456850400505592,27.906491787783192,0.9087389363334426,0.6271700437888021,0.5740052141559989,8.411082080233601,195837.06
423,5.014702100910173,3805.4467083558666,Commercial,275841.2889610267,0.9548664738646786,10.647041394805852,0.8780890993725194,0.8862632115812972,0.9929450438924579,7.711670228962625,511653.98
424,24.973805082777783,2346.7627435212644,Industrial,254730.5958774817,1.2739515988609136,15.59307308579475,0.3685443178620503,0.6327366124988245,0.4455201103435628,2.872419888396423,371782.17
425,3.349158620823892,1517.2993826660072,Public,389064.0224509163,1.3405681931252937,1.4083102352038295,0.6994323206266158,0.6043712667141949,0.6813457307590698,8.885258062156066,288653.39
426,27.70167967502491,4510.407596780756,Industrial,109611.79535386695,1.1312492308190791,1.2017700317954452,0.2581458524718519,0.9721330798277754,0.99112088443904,5.732099591819918,580743.33
427,22.35575981798216,669.0809049825755,Commercial,296111.9812069059,1.232408846843256,7.963671993094077,0.8693685764667693,0.5096522083589333,0.8544134455580945,9.0036101986476,210498.34
428,44.44135704653584,4784.002261881064,Mixed,295811.4200588829,1.119428146675679,3.9234087170334724,0.33963670680279723,0.9826943518317148,0.9953572506174622,3.968450464823914,601797.42
429,17.870293121327894,1638.436915149029,Mixed,90262.90526467425,1.425863958480492,8.546129670136855,0.25665176110861165,0.5746309484944031,0.9778088202621185,1.5584594737188948,301882.58
430,6.29481731316649,4453.177994312538,Commercial,238092.8384781111,1.1485084263600234,6.134255541323524,0.520175276431049,0.909719040896634,0.6426776794659079,5.283783717937715,568675.78
431,7.578088261615375,3054.4200947493614,Industrial,433978.1593552409,1.3892660963201733,1.827080720320799,0.6615377108797148,0.6379612765340515,0.7874630949093959,3.4285384433608987,421607.69
432,38.19477627001488,4150.866062733288,Public,435269.12989759713,1.360946440789174,27.369820245775433,0.8839335668478168,0.6753511637153637,0.37731018885880574,7.437063607986683,586101.92
433,31.101794134154922,4921.664499731275,Commercial,94656.94921385645,1.0873533749438495,1.238470810277854,0.9793940204173892,0.6083788556609925,0.6088041775327613,9.613958975704291,609871.9
434,5.5055724680781175,1513.1866453118541,Residential,90824.39723652389,0.9610591443002325,22.346382185775475,0.5515940100558909,0.7927570212405398,0.8663129795866882,7.218767360364075,310942.63
435,4.663286902692373,4809.563878497205,Industrial,168212.96465087088,1.0842574927918398,5.4122887206659795,0.24835753838821617,0.674047773753937,0.6537347246840004,8.982405367382832,626528.6
436,35.19797200722644,2008.4612850218598,Mixed,443644.72814929707,1.378352163042654,27.4546590379884,0.7992924632206966,0.8286965197473316,0.7918893229720623,5.077216122410857,371932.89
437,4.1017688150275795,1989.0083332109193,Commercial,108006.16328307452,0.9593427750735747,26.891082248106688,0.65213860497915,0.507823658971033,0.8220259309889939,7.944766634757715,367250.15
438,41.182072934872636,1767.8968108470779,Mixed,373998.5611823508,1.1671054421004246,19.963133244708462,0.5583130758755706,0.5321874417575199,0.4774283988700257,8.58739093004533,340821.68
439,35.458990244246564,2752.8972760031675,Industrial,95524.52882589644,1.3642677235725231,20.49479034421755,0.44741510303375176,0.5498305763656244,0.9129895610597958,7.397880648251881,456325.48
440,4.526764641774038,855.3107115745868,Mixed,330412.0341865214,1.0474342325898651,1.1548351171209679,0.6019188222748286,0.7094968426551156,0.6218757016364252,5.569995574626081,192440.76
441,4.699466847217,2813.186278254255,Commercial,210230.28460361518,1.2495467459018883,29.56127541729446,0.47094368356562477,0.907398086329988,0.44712957253508057,6.632794986538312,460902.85
442,49.338659135808186,2754.3535808090196,Industrial,405011.28333464015,0.9719421018341702,26.457145503698616,0.8056094941978882,0.9440889551891913,0.9057911172519106,7.304562961109923,437434.11
443,19.026404389927954,3833.318881763863,Residential,155160.70197141363,0.876495611757712,26.958080546172667,0.6351149571941128,0.6224053700304504,0.5924731642743775,3.277759628992842,520260.45
444,18.8467862798111,4184.884813494169,Commercial,337640.8232254819,1.3560689575649993,20.118091574475287,0.9014782193232895,0.787184862119507,0.8252187068658037,8.286213348234863,587419.04
445,40.73357857924638,2258.1626165308776,Public,156057.14055914822,0.8692780363860948,10.998820930981559,0.6348351317195537,0.8841824963463003,0.683623150555115,9.55292085070546,363681.53
446,47.388804580501,1581.4329218223193,Commercial,371147.1274004692,0.9899669765557093,26.915810823623943,0.39060993067194405,0.6444147149598043,0.5673102265641503,5.187153836619424,317061.16
447,49.307052659232106,1370.740996853763,Industrial,443155.11555233697,1.3985765953982081,9.453990916384578,0.8808735057857155,0.7045038683681366,0.8669134905269984,7.3096046479888965,283396.43
448,37.79222017031761,1053.6567998538726,Commercial,107060.80960704201,1.042528500955067,17.31863475692388,0.6457752359440352,0.761987101342857,0.7091289521512291,7.633233152113186,255109.76
449,19.12484948378033,382.47315277522193,Residential,439968.0598679766,1.4811317446599128,3.8921981979725895,0.365472830514849,0.5674374232040238,0.5733934716989222,6.960227927693323,185401.36
450,4.633285476584104,1777.9950962900953,Residential,317108.8644864341,1.485814034341702,27.736713273849755,0.6988062479649777,0.5129911468628902,0.3767185092345889,5.92403597495772,353747.66
451,38.96877233840812,1424.213691440838,Public,107199.7208901608,0.9877932143174897,5.0823432753651865,0.48617341195394204,0.5764029046591417,0.9268117196366954,8.934831591173296,280598.31
452,28.14101036192235,4835.445190745396,Mixed,242393.8349118704,0.8286847555749234,7.5220073661818105,0.8755244898336527,0.8134268106267667,0.32482870973916655,5.04034038342005,575465.89
453,21.498989457725326,2832.7732486252153,Industrial,122387.13206829406,1.2935442989437653,17.185890585718234,0.5626397909172343,0.5368091307668408,0.9042311438576394,1.5499266083794323,421283.11
454,45.36454206218943,1801.657491249487,Industrial,365156.54998995626,1.1156905518538407,23.158697006176464,0.7811530864859335,0.5948481824250642,0.5519730674182088,8.601007381409442,342887.35
455,6.004275374154491,2944.2912448691104,Mixed,391490.6604880773,0.8705269907717035,18.96118787215267,0.27642896610898976,0.6689269428476519,0.747537134450984,7.065831450848957,447860.2
456,24.884942662397528,782.063836593908,Residential,97608.43412275953,1.29526597328463,7.731883471204529,0.516819477041877,0.5389350321531832,0.9455398066849796,8.64332763849682,235061.9
457,1.0620054159872439,2275.8143710907943,Residential,277762.93371258996,0.8218224363783448,1.0273482332972197,0.986593149177919,0.5958496355808172,0.4061946308527289,2.2469269820022486,290492.65
458,23.69870177870925,3168.5481749632127,Commercial,416581.27521166275,1.4091376833445695,22.957366828915738,0.8467682315817187,0.9556348944917555,0.696865332947167,1.276776464587447,458146.78
459,3.287012146250949,2495.599375783012,Public,471273.3686979484,0.8970567703793126,29.57101245142172,0.3279526418935429,0.5096495661134923,0.8351030036591345,9.409370863442511,437467.45
460,6.38148685526956,2068.716123206189,Public,281083.0400337965,0.8891183151227076,24.48748048887662,0.42221123958180407,0.8267159620871811,0.8303086829033401,2.3295547526551683,345893.83
461,6.317549215466691,4969.857105608521,Public,477625.6506251332,0.9229706085780092,14.345991926541846,0.4638526470850889,0.6922044654575925,0.6679423402196527,8.286870988634067,642703.95
462,32.635909954745145,4413.542334529742,Commercial,291060.0367052134,1.4721864509444464,27.20925058057409,0.7202924483963566,0.8363243697161855,0.7373176219345206,8.408889479625723,634579.78
463,37.429221523638454,3154.6891949812566,Public,227385.72256995857,1.2852185521776922,12.88558252043215,0.8055958075917244,0.7943458601817023,0.8302688958929911,7.378346804941027,464837.04
464,29.3767538723094,2889.9490697931856,Mixed,431691.407848803,1.3609600748245456,16.22308844306056,0.799621287046328,0.6117493771773221,0.8887193464301881,2.1813598998358383,424185.73
465,48.12754114948982,3141.236351140462,Commercial,271842.2197061401,1.078344490012927,14.836763254474814,0.6078992450451223,0.9236047437866943,0.8332691678131046,7.006587621047268,461187.84
466,19.056093686423353,1086.429328329923,Mixed,262356.1297540354,1.035418909253469,13.981092307300223,0.8486564302705211,0.7459701913046783,0.5478034602268698,9.00177924994179,248893.17
467,14.642748270952106,2036.1749419951611,Commercial,270640.62023442273,0.964138804748219,23.480532309523266,0.5496624662059801,0.9112680094567358,0.9977084807404131,4.829784803207949,356400.95
468,43.495656845378285,293.35171116540664,Public,431053.2508413854,1.1364536198186863,16.276298310815267,0.29910445223644955,0.7030062680941096,0.6041518856035131,4.721651689407389,175442.13
469,11.567994006712906,2430.175583685451,Mixed,424373.69375962345,1.186280113473918,10.184796538731266,0.6515534733230506,0.9923427769576195,0.3171252919312534,4.985724786214772,364433.73
470,48.17951570231026,2760.8204613925495,Mixed,231583.99659809505,1.2422423905569286,8.486586862095871,0.9618411076808855,0.8852446792506481,0.5538318661098234,1.740447016085858,376103.43
471,1.101646497145909,1215.9737069057269,Mixed,199984.93694173626,0.9799829527990862,2.094672192055568,0.8343949211140091,0.9829751025562867,0.38944806820169026,9.028230121269761,232684.33
472,48.50900192202813,4823.741351111017,Commercial,271367.6108176082,1.4640578566320934,17.912659694608333,0.6629605181537939,0.7571632394549295,0.38500983100986247,8.822645775824594,653342.51
473,2.6364156415535174,4556.327593592486,Industrial,307747.629381699,0.9188309487449952,7.668881046629992,0.7174445282792776,0.7368455661453502,0.497074528074826,9.981183896112576,585233.5
474,44.61158412805452,3638.501853733939,Public,157251.74478259863,1.4759572223364885,5.295883738475109,0.9444496216284581,0.8777269046626289,0.33736284592408256,6.266648273485721,487990.84
475,26.621204899771843,2713.5944809502766,Mixed,407279.7881220158,0.8103992857552527,19.96106895100265,0.5426742355479683,0.9401456315067152,0.7819585318866942,7.760724728062472,419978.6
476,49.651757407905365,4362.848882273656,Industrial,268917.2445795903,1.136787984271792,20.755068476824917,0.4651153111541099,0.9820728979327791,0.35179221894133356,2.8240471567657424,571845.57
477,4.152929954402244,740.1964847349683,Public,200320.4967889818,1.033357486681594,22.81249187547231,0.9817932520003592,0.6622759530162499,0.4423026888051693,7.0077593640175255,215752.47
478,27.915787077865378,3973.4979919469365,Public,98069.44683379578,1.1143863897511757,15.603729993819153,0.8907545068082667,0.8993522869213195,0.36502980014588354,6.847595638816516,529101.4
479,48.4804755131454,711.6219884375566,Mixed,157480.32218162314,1.1994652052865524,26.92758355091271,0.45843486769488195,0.6053227988177683,0.3442174116321217,9.110878622574512,253678.24
480,26.393343286422365,3991.632246492087,Mixed,477176.52729019267,1.1049124106088963,28.153939848548607,0.5710244778887383,0.7727871733727226,0.4874261658776792,8.477134505551668,575740.16
481,31.655232587695494,1451.2610844316491,Commercial,187294.85906878696,1.0903927952111165,24.413757253982194,0.5320625032062393,0.5899240742045996,0.7003292773622589,9.446198163559869,323755.65
482,34.93956010473855,4397.743846989126,Industrial,125986.68021516589,1.3129063907893146,19.43221097823743,0.31927654293714713,0.6736986808751695,0.9752798895127892,8.819501254314467,628320.26
483,22.999782706004776,4725.80625974445,Industrial,257302.75624474694,1.2801133925605253,9.807907654144472,0.9662554590506074,0.9656791836032297,0.9128896580447243,8.818245054089669,619570.05
484,31.56412496416114,829.1002500850666,Mixed,188189.4845121119,1.3832898974250936,29.505402726986414,0.523449944975807,0.5730453498865431,0.9131537478117273,1.5735099401984645,251517.51
485,29.42355844019346,2367.110464820428,Public,65821.66262203737,0.9749712868676469,8.949948848566212,0.9002632661103265,0.8162004475675982,0.4232469252263603,8.613657574263602,357885.37
486,45.10732151930395,4906.838152997157,Mixed,195415.34777573776,1.2266699568278445,6.8770507377225005,0.35148498214453205,0.7964771364637017,0.48543503544847405,6.467305550528064,627268.66
487,2.7495958269021648,2468.6964362684184,Public,294848.88077276084,1.2096363497749978,13.8224692998109,0.6382966485097759,0.5603691763544932,0.353475321756714,4.424000065893651,375042.45
488,14.407677884815401,4331.382860321271,Public,298270.5674089851,1.0588164676108822,2.6483765506592656,0.21916910809941587,0.6629895218844061,0.8449278379406295,1.5086316194925609,539243.27
489,47.54536846178966,2984.7844584434674,Mixed,210451.51452959992,1.1402402793318767,29.376339475481934,0.8113763870738468,0.7814907522576329,0.34887141103989333,7.09906397291242,462389.4
490,44.56805730260036,1939.1165488060492,Residential,251286.24031367028,1.0196475003140102,18.06457313607632,0.6647311185970227,0.5935893044942451,0.6896869695745973,3.953815754838557,324663.63
491,23.055009262892792,1500.339422076764,Industrial,484483.0632056449,0.8992910783318897,17.15161065826108,0.7004716667758022,0.9003118282064078,0.4735129006267655,5.209986384874313,273816.04
492,31.19656359117607,1095.7931463218276,Public,219806.81475364024,0.949660847463913,20.018092117091875,0.24137670604372277,0.986078254767375,0.4704119438201213,7.135555933496208,264946.93
493,14.230368557566068,3832.811137750716,Public,166202.06596699235,0.8738595524808408,15.413685785538993,0.36883066416689236,0.607379699981236,0.9935075386733236,9.205970923217286,542643.95
494,9.811997406326185,1994.0484834328365,Residential,159560.16983004205,1.2781487026330869,1.929841995741706,0.25946469788286414,0.593455982395288,0.829745864884976,8.428932240444986,348126.83
495,23.453071044529118,2605.249764783681,Commercial,255994.07571686036,1.2625091751764062,18.757027376371507,0.4311314526430494,0.7274675358987224,0.885857550803735,5.055374161932399,421237.16
496,17.990935287289613,2512.3948520057916,Residential,391784.0669226248,1.465424460105911,21.769042431736487,0.7019512061457209,0.873882638570016,0.7003878797408087,4.490048417017411,413451.85
497,29.390977536618166,2928.667243242343,Residential,142694.68288481294,1.3107748895530689,13.08572275809754,0.6529487874539002,0.6408003051176256,0.9097100011756243,3.1580176495964274,428984.12
498,4.347864529766749,4341.328013560306,Public,369183.2572133456,0.8364320871292921,22.961571590064594,0.6897198572907122,0.5099399543486403,0.751843377416447,4.351840760583714,567982.1
499,48.73254297947524,4905.622783558804,Industrial,59517.42050723733,1.418971621750268,7.583037680814198,0.6394010171023154,0.770610314016447,0.9623215933574416,1.9994174856270848,616742.98
500,49.317431851740345,2097.162622011703,Residential,238519.8400927757,1.4038726140620081,7.417021140919337,0.4184230365406875,0.9783002838836539,0.4969370102319457,9.739949575282791,370846.41
501,35.059004843977384,4154.842718320885,Commercial,399139.2793412541,1.110324224540889,5.681092642939644,0.3956059978755402,0.6956384277034728,0.7167236820480265,6.16525699563621,545671.8
502,27.036770134033958,3846.1861938081165,Mixed,202429.83009849413,1.2101041353695452,11.787848033885695,0.30964774682926505,0.7100672770915502,0.7830919435558245,2.150252585156916,515834.02
503,15.821617006173224,2910.291862132309,Residential,303681.69565042976,1.483254832730763,25.563349026283422,0.8792566999227938,0.984450858557019,0.5750561135194646,4.175254083393152,452315.84
504,40.78285347549396,4784.631003698472,Residential,142240.65477165987,1.1726130546937164,25.009449802322866,0.6931834868329956,0.8473038058133642,0.9157955876828372,5.9233522925859035,644253.59
505,34.394193041417026,1082.3251260891736,Commercial,383897.92600677756,1.4337252798632627,12.101902030941611,0.3492088100032478,0.8595859614210626,0.9858622141729081,5.795970729767827,272356.93
506,8.549538497572119,635.394630517145,Industrial,73525.59647094183,0.8581271304671305,18.08444334342686,0.3417675038569916,0.7813510026855338,0.645638643960863,1.3195303184676912,181868.91
507,45.5908956324452,4284.413638081569,Residential,433644.19019397517,0.933736308096078,21.903673177772554,0.8984284812209093,0.9873046054316208,0.5734484583630373,9.557569308062002,581264.11
508,41.215593524696864,2251.8341015053666,Residential,139188.37388975068,1.1085284604089225,7.994996464212666,0.7941846910106556,0.844433242212778,0.630356549989521,3.4783811332745014,332776.5
509,47.51509570795024,4250.147385614597,Industrial,443479.11426874885,1.2093297658361133,5.876091490947665,0.7275192639242971,0.9475163758025847,0.896915722012352,1.1456620203870207,529091.71
510,36.42311566522382,4476.142005457533,Commercial,208638.1585852328,1.3713594963039601,29.190783803157018,0.5254912860314398,0.8496894328666106,0.7518278978627173,1.6879960805525422,612287.84
511,30.864052198821597,406.04220873345,Residential,375207.608513519,1.4917834806002308,18.909162083078936,0.4095804514228141,0.867557912420198,0.33134066076266655,6.221754129231792,208466.24
512,21.203030296385634,4428.977338631697,Industrial,193651.3840037848,1.0721960475318815,29.46105593317625,0.983560610490259,0.6452054610711233,0.6795189373120003,2.2400696860758718,580712.68
513,46.670059926023654,2296.7633713101686,Residential,457660.2520555914,0.8331909452980595,10.794923626834644,0.8377916600182402,0.6517393490069094,0.31211008591867884,1.3755231356815294,310935.7
514,43.370162530270214,2601.119196120738,Mixed,106986.70648326847,1.3608200523067273,21.387919299249813,0.4414233785090212,0.8914923247880147,0.8449747597023838,4.416638197714402,426680.1
515,2.7383241702563756,3170.30330435673,Public,130333.90517266942,1.2230665033579657,7.455505459695893,0.8780518370227959,0.6483531445849497,0.5298185914797245,6.604850731061697,440374.9
516,1.8051652376139742,4639.2747729774255,Mixed,271863.55632146104,0.9389800012077412,8.574804966943475,0.8071455588917453,0.7813850354007659,0.6304052374821305,2.0065582435745113,556445.03
517,19.134936660463456,193.66886270584376,Residential,86872.29756716575,1.1463799196349942,15.845161516819095,0.4376644399023987,0.624676155453351,0.8590746741353423,3.81995048936184,161532.6
518,40.622389873700726,2436.5329947573036,Commercial,138191.08311579286,1.319617171873607,10.268925639734066,0.5412422833933117,0.9084916904045347,0.3325141721000331,4.75984604462088,374386.91
519,49.37016840108975,3469.8380079097474,Public,474694.87199540646,1.3392882509480506,5.8610253513769495,0.34876275631282133,0.555250675613845,0.4109790749141273,2.4351408800809047,465631.71
520,7.945636109624645,3641.2640927213192,Mixed,489420.3475165492,1.1497328883991333,8.623540357690455,0.2888419555024875,0.9147233198808322,0.5785722635115804,5.554665086200391,499541.64
521,29.909470409930687,3493.408914531829,Industrial,219316.69819868988,1.0136501710902015,2.0367034395100747,0.7782096262717575,0.8013649002538009,0.46094761448189236,1.766926782115938,428816.38
522,19.354097403235563,758.7321340997971,Commercial,465478.709456271,1.4816198074269455,21.428285022847113,0.41400948588309333,0.5934547674135386,0.5365309980425441,1.418666467105618,228221.36
523,48.51076269182286,1567.0383830212381,Mixed,295171.1040530443,1.264353827669545,15.271383055489986,0.856047492597003,0.7710176927530591,0.9987223165247254,5.6785183043962135,303160.78
524,42.18488669521758,1857.706074543366,Industrial,171384.10964319517,1.0857662635424092,3.733048925731243,0.996486969211541,0.6412494184236702,0.8777901063016675,3.231072754757881,281339.22
525,41.997270883201324,4041.7423176295747,Residential,366079.4244862694,0.9963242569432567,5.979125800726245,0.26129585114371895,0.6617336673652483,0.918731270472076,1.8583642710822477,515788.34
526,23.70031140985103,1465.9233748313097,Industrial,346505.81295868574,1.3117720881024935,3.9735016052666765,0.5784281000669602,0.6757640207984401,0.9559382434960426,4.815213287388691,275979.03
527,21.033565365714427,1132.4543229492956,Mixed,495106.39359893004,0.9695284119156374,18.765191440000418,0.8416500474486426,0.5316596234861605,0.5386551162199369,9.236266655656552,260968.09
528,14.03365006056996,4791.495293286671,Mixed,169271.2793341775,0.9201969922815818,3.73210054476232,0.8311607172329869,0.9929808422007087,0.5079538704575308,7.5177320198873945,585441.93
529,3.290587084220892,143.4300970559976,Residential,352426.7761977809,1.1708837222734492,22.874187658021267,0.8079977266647749,0.515767314065612,0.46384374480045243,8.34054323812325,175382.61
530,43.303757624625135,4989.322192841693,Industrial,73410.68976325111,1.0029911748508993,1.594816660291344,0.4791959482415288,0.8312484365921392,0.8810818379156857,8.847225898827729,629756.62
531,40.73859995193884,3416.4243644012386,Industrial,101140.71741352373,1.2402336014465305,8.23189785188087,0.5630826045480419,0.6856138238787153,0.7756863035996294,9.75364967256777,497511.87
532,49.986024827663464,4159.499567300674,Residential,51763.26872799197,0.8825570724119635,26.829333600865308,0.6759746858731762,0.8230051454733495,0.4653203877380141,7.869219161627557,572117.89
533,49.83352343515832,1543.6350420963465,Industrial,499757.3064768529,1.258458773197125,21.837408225545136,0.9791524668586058,0.6781241265437918,0.5638956804473183,6.475671297455317,305269.02
534,27.993869427330058,170.1448605685939,Residential,411023.163716365,0.9983075695983916,3.116081654844944,0.46203781675079436,0.8368753231294294,0.6546982347529587,4.288832922720225,123845.91
535,38.56487705143527,3715.560640951497,Commercial,404025.35663009336,0.800170054104159,24.812657030070213,0.9385151101734863,0.8646177547341805,0.6696980400916275,2.6347891290194445,489615.3
536,47.26590362918019,4187.308525303311,Mixed,279376.73387968086,0.8888552403719235,15.298018524665938,0.4154855345443953,0.8452763201998224,0.9221094099862002,7.179938865849649,565649.52
537,42.557545838531865,3728.333046572244,Commercial,185030.18730744798,1.4535307644845659,25.55670778789605,0.9912595723789637,0.5569809906790761,0.5663962930630514,9.954549875097477,557989.34
538,12.743731036288285,799.9664077741091,Public,118068.92800820417,1.4071482473807504,18.421453459061407,0.7362109494620734,0.8284466173273424,0.9359668213503587,5.206228161570271,239854.16
539,22.801934697849628,3791.7968190591487,Public,178103.63248090865,0.9635263224253658,20.7731579289529,0.5708091842868408,0.6399937747270487,0.6089572922238526,7.513114312835269,531528.57
540,6.893391049999002,3867.7216323274406,Public,219187.0498681126,1.3448603331818438,29.811545251475536,0.6907123424508839,0.5144006852846668,0.8224608723546476,5.455832049938405,566652.85
541,47.725525849306756,3326.848526783269,Residential,390339.5436411323,1.2260001152217819,7.737730831796527,0.41802493523216544,0.707415335944477,0.9511780239895391,4.88740081027129,470394.06
542,30.505644405318563,3853.9680706983722,Industrial,292847.8050064186,1.4796332980149085,19.094421668080262,0.4193390860091733,0.7167715514019005,0.9353029927742864,4.692750522039236,557161.37
543,11.817818872421405,4245.015054420887,Commercial,84867.63194996721,1.0615239616738414,14.349320311664552,0.2908436350747951,0.7335870666762232,0.3398670071069768,5.541622146385278,562062.2
544,33.74918387808991,3106.6601597635463,Commercial,58113.05403151051,1.2770224287620198,2.1441066347580517,0.29124023816431904,0.8524120826953581,0.44399300648359885,4.302060956788376,430458.02
545,31.097347902665845,534.1630984514275,Commercial,96049.48079032841,0.844475005696743,1.419648603583086,0.4781373931751291,0.6544219045712296,0.6338337978725925,7.7389598963962705,165510.98
546,18.229054542625605,2489.376267369333,Commercial,234724.4211638207,1.077373142771484,4.457628756717901,0.8102843823170973,0.6576402565519612,0.6020880029671751,8.86844823932365,373805.01
547,6.121100813881636,480.4817398908648,Public,469936.81267205824,1.4746723628317264,19.823660475617896,0.68637693407853,0.5302761281206303,0.7486241653860448,8.945967759806656,230539.46
548,33.74287318184358,2096.960852058911,Commercial,336831.1165441497,1.1772866121150845,17.447729549488376,0.2820676482648167,0.843410607996148,0.9612963355777886,3.0492884208324336,359474.14
549,26.255231194737767,2094.821796715575,Industrial,410821.6549439818,1.0015156523343913,17.049457273748096,0.8817892199807289,0.783913045699792,0.3786832978945642,9.063182248583416,350101.03
550,38.729760390914144,423.44823628718376,Public,259868.56752704683,0.8841896741900248,1.9238461133195424,0.6810941015920531,0.6747125563468941,0.6163010655939682,4.073961086695945,132667.3
551,26.24809330504367,1809.2206164504487,Commercial,212749.73743776925,1.2924698381270714,14.609786894440205,0.9686844614278238,0.8525944894586773,0.4346877265209975,3.7837689893676787,303325.21
552,42.682984265767736,643.8906840774426,Residential,98780.16772248023,1.2513992304008088,27.814061717433326,0.736148373928966,0.7686788746134385,0.9258753188785631,7.540804516584123,246731.45
553,27.819388519337036,4060.3525290451885,Mixed,444169.85998379224,1.0617570995226422,12.530164210008751,0.34013989096334485,0.7346224729352698,0.975206130061157,3.742267060776605,542207.45
554,28.26642959100162,4743.671327225907,Mixed,402422.0130625563,1.465658946306084,19.122751623865234,0.5790266898462578,0.7556622718305632,0.635091177323245,1.476697650487391,618628.27
555,43.89435333158808,454.35072876389916,Mixed,125653.1439189763,0.8155419690914952,23.614741593071162,0.7187980780377634,0.8181740626335283,0.3728072084096985,4.362559950792772,171150.87
556,20.472401877513654,4780.064515729337,Public,280517.2537443172,1.0126066961422782,23.73383309511474,0.22261176083998216,0.8300013022872997,0.8497062667058712,7.493190403225141,653895.01
557,7.133753808306716,2660.6253367500512,Commercial,269318.66356456024,1.444748640409707,16.05912238946287,0.21192821132384632,0.6444789095703586,0.7879989453446792,3.9426257824315885,429537.82
558,1.924742477510279,1567.8718219739822,Public,331291.19870893785,1.0246548068236083,25.880606416667753,0.30352240047885437,0.5703716816955766,0.5482695786272173,6.666031503956319,324967.65
559,37.87929415584414,476.6241688532012,Industrial,475784.1022960675,0.9765769836986193,12.349964707548661,0.4013315480363766,0.5783170905952594,0.9211852317782743,6.941074998368173,192304.13
560,31.2053227919965,2553.0589135450473,Residential,310897.14879311586,1.173954286951873,26.772103228759153,0.5436392988165404,0.8196954429515009,0.9830823228478949,7.603624105537206,438928.74
561,35.35194852091157,3993.1261680046687,Residential,293097.7700503784,1.3766612249443764,7.966587825470814,0.5899523790078307,0.936436642883563,0.6904976943911367,9.074174196798428,555576.34
562,11.041725994691081,3564.723738606821,Mixed,72645.31982059877,0.8722027326148528,9.12627580272656,0.31042208715031744,0.7047481391727759,0.6960095379410046,4.893080493415883,477402.29
563,7.250388041545103,346.1074561734714,Mixed,78308.36420811077,1.4601144967520154,2.540498101771032,0.7387132632926647,0.5847600801647312,0.5082594535796445,2.4978886899621138,143191.82
564,1.2199609505601554,457.2189933027272,Mixed,134306.056097055,1.3565510168268147,24.071873259726203,0.6769104493572279,0.8783012491469273,0.7091542251883198,3.8703314388870047,204918.49
565,17.85408416092655,2074.079084899922,Commercial,64611.847261286726,0.9268751788860864,13.094601850748461,0.4355712790729282,0.9162447372097242,0.6077496243673925,4.889505296565873,333473.15
566,29.700925499304336,1546.9234208349221,Industrial,384508.8030065056,1.2984055728387138,7.644381803430572,0.2109279067482336,0.9402912215604833,0.5115337188496363,7.425023223953017,305947.81
567,19.916080232436748,1238.6831829746343,Industrial,375498.6367972834,1.06947110584629,7.72191805088081,0.2621183322826326,0.8034157144568665,0.3470296375667309,1.1180991300547016,227461.7
568,22.15500864017459,1476.9220446526965,Industrial,111225.30549423932,1.0816062746534232,27.140598295647763,0.5133558204086716,0.9303642796940423,0.4768955017963874,3.8420684509589105,299396.37
569,45.25585537744055,4037.0654421547347,Industrial,426235.5053578764,1.3483030647072065,25.18358141337007,0.32317948093254717,0.5077074792242038,0.4384982547743651,8.018583229173851,590673.16
570,17.73864561765337,4653.217462796084,Mixed,119653.71568075039,1.4739493655865126,17.052395675358316,0.5014556849183767,0.5536179008847617,0.6794293891877642,7.037719329976259,636864.34
571,25.942479713410634,2085.0032031850756,Residential,185529.01414881146,0.8886591109930357,18.867213212055912,0.7025460836082842,0.5462880335260494,0.7211690152345156,7.5856597622704465,351943.55
572,39.29082413068658,4539.943910449236,Mixed,162039.60462261425,1.0944411658151736,14.755441545958439,0.6377899423034268,0.8563023421273666,0.7260002070142115,8.306296924952752,605146.71
573,20.12886772490287,1675.3289361146217,Industrial,217538.1943578715,1.1366591256590124,12.358329743485458,0.3849407065099154,0.5347908917717895,0.5717267007319753,8.04912146990166,319218.07
574,31.29329166127974,2434.541233084579,Mixed,164598.69465048285,1.0634182718684984,27.54882955533161,0.47505799300700197,0.7481821862331535,0.5948608135798472,7.139648495375003,415073.91
575,43.18700358296389,1207.5420892983987,Industrial,270027.9168973034,1.0542323866013574,4.64276840208876,0.6912249587589205,0.7363534493181445,0.8839669007484479,4.956953791335315,234486.74
576,47.501270871053286,3238.3326066616355,Public,233333.54660960843,0.8365880672931176,13.134956901770611,0.888684022434759,0.6553517617791205,0.6333629694620136,9.852384959903386,457214.28
577,7.7801373059873775,4897.007464356564,Residential,493956.27085069695,1.2798770343938364,10.992295331648386,0.8025707509911018,0.9352025849710499,0.9914413324959856,6.121658760310663,632043.2
578,46.366087445493974,3057.1161706125554,Public,75166.85755770156,1.1053500919840318,15.446370887283303,0.6427200214667319,0.5852166009399979,0.6077320610062054,2.824922884319552,428873.79
579,24.85975650743714,1853.2890121563894,Commercial,113981.61937430824,0.9363556618507487,14.271324361810077,0.489834398653189,0.6762313921996199,0.7547066612324873,3.6353156959430595,309255.82
580,13.283097220798439,3274.305485353589,Mixed,73771.65225887112,1.3712234516114479,16.04779641788136,0.49204102203344435,0.8870857500114646,0.33525409929537703,7.24206210373423,486242.54
581,23.227219933793936,702.3113244803991,Commercial,331628.5377420691,1.3617925237061397,5.057650339582828,0.9035338482115169,0.5152111571966421,0.7573379470931676,9.322656086795172,213096.53
582,49.011612476631115,4454.429493300453,Mixed,74529.17483617381,1.1404741396622256,15.881103543885036,0.23139486083243713,0.8364752001231843,0.8959984760905042,2.608481162853078,588255.0
583,24.884595652647047,2565.1113588211983,Public,426397.8818192555,1.0089154628034325,8.030145602729116,0.9903861155362088,0.9081988631807854,0.9597204869733074,1.7411184617120772,351212.96
584,16.773204709231656,2301.813735994246,Industrial,280372.3838068675,1.2466649080575167,6.345609120657547,0.7315003286812498,0.9661339194190837,0.9981244281478392,8.933779432378055,377895.06
585,31.853342288677926,2970.737463422244,Industrial,287153.4310616902,1.001706495044182,2.8801923447995454,0.7449101592579124,0.9381483202457425,0.49752505195446317,9.237501810215509,416721.97
586,12.387208129520557,3161.440927668072,Mixed,302717.5284704874,0.9652055512265985,23.116924203928086,0.23039826984379375,0.6596920584168426,0.7027590453780017,3.487414107843095,465229.5
587,4.255234741378864,451.70145050991385,Industrial,126866.16783779483,1.3113602578184287,13.395815704840238,0.6844234199130177,0.7931820706614763,0.6155025898725031,4.395571519341159,181278.91
588,6.879546234577137,3444.8243839946717,Public,138960.6364015194,0.8282276678046655,19.17266681604099,0.5878224480723576,0.5386467465752329,0.6946722364026197,6.941691977480725,485209.91
589,6.838269028409735,1285.465233546095,Industrial,193467.7952928521,0.8663379297242157,22.100206955837557,0.2846231255152536,0.6289350017740043,0.41021707003289265,3.9693701875822733,265583.75
590,8.01918332885857,3598.36789928229,Public,317073.38711983315,0.8047517218165129,20.70018329409305,0.4223376086154873,0.5471111893737537,0.8993047008171591,8.894428374430476,521268.87
591,7.371945046145802,4130.420492482564,Commercial,144552.99917309656,0.9070602305327984,14.644520853600786,0.9122515649709211,0.6575936450769819,0.9366982603412113,1.9682083244247646,518898.39
592,32.223299867759124,4039.3966870073496,Public,102349.27720996755,0.8482930060973217,12.249057339600165,0.6399907326927623,0.9375936067293644,0.6147631641790458,1.341839988641757,500657.76
593,9.503064177757668,2807.2547402986565,Residential,486552.5988882945,1.497061657445943,11.902837379579248,0.530733260139127,0.6735834198371463,0.49630090310150377,2.8763758606851058,417780.94
594,17.610530524531228,2648.8324723226806,Residential,59891.81666433031,1.0021669789678627,19.561415110971634,0.2581457246726488,0.7809490515007131,0.3985833993571086,3.574790003844721,402213.11
595,44.89102629034758,800.0922105631174,Residential,411213.83240120974,0.9044876088684731,15.34903629331433,0.7712972219218446,0.7166904240574704,0.778635377344463,2.0163393215998755,188465.9
596,23.96110119301218,3899.1961369753644,Mixed,404615.81730875996,0.9686973805971426,25.624835191666808,0.762280658716826,0.7294582621493677,0.5185622877345146,1.5912138640658204,515070.23
597,33.54410805679085,1429.9059641889005,Mixed,183746.3512302932,1.4552879000780943,26.36635754547465,0.6912348855780508,0.9847860259182791,0.936676998939372,7.800469421516184,335490.4
598,9.029833624480677,2533.807571807938,Mixed,111031.97720329103,1.164112156117077,5.946250962189035,0.6082101169765194,0.648077234131929,0.7697087323914089,2.4784890931203165,363011.58
599,10.018306431029202,1492.943055344832,Public,115532.89101744053,1.0553726674155,4.950775894826044,0.5470275217658982,0.8136622347615856,0.7519797276219684,9.225299791596736,286711.06
600,2.5229965051907035,755.7589786984964,Mixed,363844.2277567366,1.4113740205364536,19.281626855043985,0.6746168743903939,0.7100313347897236,0.6915814811287686,4.311996953032864,229867.76
601,8.862285622072145,3184.832714769509,Commercial,339262.96598877816,1.0764931893843228,9.735546693806103,0.38671636138272536,0.530573090523843,0.3320434376001079,7.035452287492109,451989.68
602,14.290221782081952,366.22697063222876,Residential,402235.55341312406,1.034505998970387,1.538550844187867,0.9530072513421182,0.744665415812118,0.9523457049799109,3.028619032919202,127031.89
603,9.262018971698968,3768.36164721838,Public,471866.5275795971,0.945097765784815,26.770637411525698,0.6710356233441837,0.9066716645225541,0.739556245309622,3.1629049164268017,518104.78
604,4.890775420974252,1656.1752967794716,Residential,361367.3134699664,1.0644577767365881,7.580122250070439,0.44895395548350125,0.5493764843408442,0.9958433883681772,6.172382825808178,301308.35
605,6.47147561947974,100.65999572197806,Mixed,120133.19144814956,1.0216790492118482,27.949138898888464,0.5597438807081259,0.5347959236981545,0.6761494833410209,6.045786326313875,174012.03
606,23.308549017619924,2604.532782262426,Public,159549.1775444348,1.2741127715086988,21.805599075469356,0.844547831101514,0.5768157601966333,0.7970776243343491,7.918563052108732,427972.58
607,10.713519061086728,329.5743517852553,Industrial,428987.1788929016,1.002707893269509,23.116951207433043,0.32929284858423796,0.882200055694653,0.3393466905063555,7.820319751248394,195340.44
608,18.531358121879734,1453.2308333224073,Commercial,144187.73412539385,1.204039822495793,6.842383378001652,0.4342684979682083,0.861997692072369,0.7422153237763875,7.03618988197295,286215.44
609,25.419154907315416,3564.1847885330094,Mixed,82635.04262951664,0.8461245155223809,7.791638342887575,0.7436064181892443,0.7825088844530552,0.8352547281132501,5.042175093041418,463916.41
610,34.67454401715358,407.17914594714273,Mixed,366476.0243190127,0.9339024096875601,16.11676486089791,0.45239136518577916,0.7341132020463161,0.8449600063967901,9.015763476525555,198071.7
611,2.445950922134397,4212.758612544411,Commercial,231136.8599705639,1.0851836901279441,5.990895726846003,0.8340013454891728,0.944162907351311,0.8390781565611998,6.603206411991689,542289.61
612,40.07081474599761,118.71762102705723,Commercial,464018.0236456566,1.4558644777360867,9.857519087807937,0.3043627897418887,0.8833489119167413,0.4583978391055673,9.911786414161215,183988.67
613,31.581069279799934,1309.436959089321,Industrial,342614.7819921477,1.0640763900009869,10.32241186048633,0.8101489363636869,0.9059711256509027,0.9827789343236581,8.374328361409226,272025.22
614,4.547072081469159,3730.42987514515,Mixed,90688.54000624733,1.2648518848398838,5.629268064330159,0.25468137188045303,0.9066311506753271,0.996627484437457,1.398788301144936,496830.6
615,43.74214189328547,1649.7237336736032,Mixed,476535.4552641473,0.9785610556949788,6.950302168459662,0.21007409013399583,0.821358577372779,0.35291711261312086,3.8853451637228598,278000.43
616,46.083183826324756,599.2727015234664,Residential,166350.76863811066,0.8889235031812622,23.86800341823944,0.9185788150657297,0.729007312157973,0.95551249596823,6.146881448238565,204403.03
617,3.5233590128157557,1865.1462021220966,Public,201745.6206828286,0.8409756200560351,5.848679781870783,0.6650713735458389,0.9323388762928252,0.5026144360130584,7.493225840843384,297834.57
618,14.205443583286584,1424.927103284175,Public,231017.1861575939,1.013789448979926,1.8252643634737522,0.4814615176694492,0.9630037088016253,0.7824988572256752,5.9530284798574735,257805.3
619,40.40696334975654,4229.288320586719,Residential,73050.93338194097,0.9103627187578356,19.251293336239215,0.38607570957108034,0.5119030216291716,0.5366776445152924,8.075173802159636,576469.98
620,37.53885467399109,1635.4047961672013,Public,273431.94000377215,0.921807313611287,29.30351046238105,0.693508626608653,0.5257774366331256,0.977428026361185,3.5439008748161016,314702.22
621,9.633790458140677,3965.7691117024356,Commercial,105493.32098388151,1.332531515870865,10.60520062407052,0.6072017468293907,0.9793716484542186,0.3710527008124748,2.6552084610954254,516906.38
622,10.86279150516716,4470.1735095726,Public,230436.64700975828,0.811086649661412,4.441015392691316,0.9932782204239883,0.6385803069220974,0.6484227718694632,1.485250154107931,517059.83
623,18.83836908817341,2225.705355924995,Public,207819.40459643793,1.190467088014804,17.541232435658394,0.9865727893229967,0.9366847198247094,0.5996334543594521,6.159823701143699,360372.69
624,24.483887766955554,4558.721404886521,Residential,397778.0375419265,1.0656229664154253,27.28427212177374,0.7080196529132878,0.6943975594807013,0.5282164165945894,7.1973956860794575,619046.34
625,31.10361119074965,1948.8584644196449,Industrial,411426.730234729,1.1545849999359832,23.737791615025884,0.5542964048847124,0.5595500288046777,0.751873793616104,3.9353474540742543,348190.1
626,18.761225158703734,4823.98424080153,Public,119035.7970750896,1.193981166050222,19.052960183968764,0.5929127753077297,0.5402216001046671,0.3917390203951672,6.52225766370289,632870.67
627,23.395468448590822,537.5186701753073,Public,214948.0343206518,1.0193573861200949,10.136638401620383,0.7459832529894896,0.5782539495402282,0.8016636926935878,1.469415077679963,155993.54
628,37.49981143762095,3466.3944058658894,Industrial,218008.92246432425,1.0065762021289997,16.714525025010378,0.2812596353883051,0.6249465974336823,0.9864144866633511,1.8936401166712327,481158.96
629,2.315818543084596,2519.6887982389503,Residential,118134.69977123827,1.3133812945344339,3.6461003978234054,0.46268165904857456,0.7442591769654131,0.863191100128041,7.315792950326485,394899.35
630,12.995628745029027,1999.4791467326706,Industrial,409304.0772730357,1.40989389168481,20.68941730413943,0.2602177928028831,0.8507489502828918,0.9020117270366816,4.312627346955689,373616.13
631,35.81080450128535,3200.2882058681444,Residential,368252.74775094044,0.9348071427209695,22.027784548031875,0.2586886076135357,0.9931992882426499,0.5517457202253018,7.04200627992705,479322.57
632,44.81273846551637,3548.899749008223,Commercial,135671.80383366562,0.8683331323746043,28.985917064387646,0.356671393515387,0.7207533716445855,0.5274206245368531,8.485490082519263,528560.04
633,25.828033384725472,121.38002128651453,Residential,215024.85886720958,1.4284570644744181,8.551523403607078,0.5882026036745815,0.759092471171555,0.6619338482830932,8.673601937285053,169633.99
634,26.839617520633126,918.0701348612737,Commercial,97612.26118543139,1.044926824553179,1.5352361522476565,0.8278194569302315,0.7609078506916278,0.33200863033359085,2.5495088091800584,171680.28
635,5.805014561318915,3593.9256481081616,Commercial,332692.96869186976,1.18592217346397,16.822645468387368,0.5883967129326981,0.769717177743968,0.9617506941195728,5.3765701511621184,510801.2
636,22.646912157761005,3365.2885265332116,Residential,104617.36604687886,1.0516802011640025,21.49692462750762,0.4683812884486958,0.7588703285522311,0.4006496211113345,7.605340512692378,494095.43
637,26.864554689523647,4833.632775130518,Mixed,493670.375881213,0.8880616354422359,23.921816800606653,0.2658823922694065,0.5043873775309589,0.9321091274176647,7.965825366402194,656113.12
638,12.502289929919119,3829.0851722288367,Residential,401306.9336095381,1.2125321514634098,6.618429057719507,0.6402364185465037,0.5008624110549204,0.358507555400249,8.062083826559899,515049.65
639,13.827539931994357,4758.786267883556,Public,225607.3473127978,1.1675985962387407,8.590833202073686,0.4170148691865414,0.5488331590630615,0.8758374493749921,3.05350600942526,601723.0
640,19.175566073678823,3542.4484575205543,Public,310353.7695257095,0.9420954914338381,15.865136832751594,0.6919473423337179,0.5507783017145894,0.40637376811475057,2.73281335951396,464117.54
641,1.4935242899974552,1560.4558223332715,Mixed,460103.8172973839,1.1163083312565945,10.587423489130053,0.9817501913059348,0.852448454477398,0.3266921298640309,6.310112214463263,271675.46
642,16.442918696367325,616.2881190291968,Commercial,299344.67617812176,1.3578632528109522,25.954833111035907,0.2890514571820402,0.6024580162579999,0.8036426151815861,7.669772179643977,257190.39
643,10.96667634632896,3930.9369303901844,Mixed,128524.31887907983,1.2132982721755239,14.739044458422887,0.36970031897755196,0.9473570523778064,0.4961857101220998,3.8722556398077397,531434.47
644,16.711118932806777,3256.331185231988,Public,220416.5100115217,0.8678421289468965,24.187780678958084,0.5784756304794998,0.9643031647885097,0.8001473069490446,1.942346411761794,455764.07
645,6.428225525052936,336.11146072715155,Mixed,429415.18926338543,1.1836150480603946,17.837973053988257,0.9748910522767436,0.9879466689479494,0.6885596753309737,7.450717446190698,180245.51
646,44.5811003966248,1864.247282914794,Residential,339895.85719532805,1.2919168095027107,23.419614106896248,0.8174478210159966,0.9695406524435101,0.3761651731610459,3.6972804824200405,329369.63
647,29.882826450925407,4788.319095873002,Mixed,342825.97295021015,1.3548923840465261,10.647516609379391,0.9185833545302642,0.6359441609592623,0.9524910513108145,2.4972645188054967,601864.42
648,34.11556479765223,2551.965613979986,Commercial,440069.6685598201,1.2403823050439868,25.111082035979024,0.46697187878063434,0.7548884223517562,0.6166199223344342,2.3295117555741847,407422.96
649,39.56397631106324,2220.3727664965527,Residential,452287.8758581271,0.9068607151785486,8.962597150979626,0.9936307790228758,0.5877274850984705,0.8141130944590815,3.834185927740447,320976.16
650,25.172888846988336,2342.7280652805407,Industrial,463906.65730074636,1.2971212866131125,16.836865432095433,0.28226625285132595,0.9031048275862166,0.6507144004109375,6.33410259322371,399034.24
651,4.802554260327473,1123.5253476253024,Public,92682.13696392025,1.2741392922570616,7.206206282042352,0.24237832483688068,0.9442158525720481,0.7230530324728432,4.225620148244349,248783.07
652,27.086773820018117,1906.6651372374965,Public,294856.7008833954,0.8170988180584433,14.790269127159608,0.8844821016432225,0.9256444196487574,0.5119415146496846,1.1859566643408843,280742.0
653,29.548635342033517,1912.0849543371655,Mixed,383229.2845482434,1.0882233673131703,10.227081075752391,0.941811896165589,0.7166834743484174,0.44025221280241517,1.8721759121002997,286000.35
654,37.399253972124335,356.5395989186148,Residential,390617.0803071562,1.0330651728736613,8.734399488479212,0.27246828603688145,0.8793369423433905,0.6797991423856474,3.6145292247875718,158292.74
655,21.86714753836913,3861.0813797377996,Industrial,323022.2908865017,1.2685884449775504,29.04256552281309,0.2907419413966732,0.5487895847881348,0.6081532810797013,6.937340339323827,575769.07
656,6.815224988380406,2140.871716329007,Residential,125054.30083265337,0.9512950686176446,5.642149059115188,0.22653932620461906,0.5201223853096253,0.5730792494037531,1.8866356612168045,317035.79
657,14.546907337036862,4128.681445400474,Public,408839.24927374895,1.213610346081981,23.832449286264463,0.2836060501141793,0.8766182071543804,0.7707970365662361,6.045911681506136,588359.91
658,18.472573671732437,4266.705205487488,Residential,374050.10008172557,1.4392441732699206,29.540783825013232,0.3675358534402247,0.7126776371643418,0.7833546424077951,2.078972837416038,602754.03
659,32.472903445914255,1138.7708680234246,Industrial,88761.09719706632,1.3584616605460256,1.577143028462257,0.9760612951280008,0.9977746323697846,0.33214403926388414,2.9045379461444334,206836.63
660,28.75352608111114,3321.03206263363,Mixed,258714.42110346933,1.4450204153515713,21.271795007220756,0.7342881777917445,0.5486271079277663,0.5371211459705705,2.549696748001865,478359.09
661,18.12678793194339,2414.1808403986106,Commercial,128289.8297848116,1.4849541768528831,8.334442361132327,0.8228424204148337,0.9278138407676169,0.5882351851584642,1.6050577201372944,357443.67
662,49.33250481525249,4412.768015815277,Residential,201864.67057083733,0.807469088904314,2.174146905520829,0.8209115229532178,0.7399915327644959,0.3678245128149177,7.0419683564793125,533953.82
663,30.485853558165914,1157.1293279646252,Commercial,58136.491492558445,1.2359188934642344,12.683797789742293,0.6280589998233717,0.9135750977519386,0.4651306066888018,5.170631926474311,249196.13
664,12.242726190931727,3421.2846815192165,Public,230148.4407848412,1.0889875784312344,28.121316494955376,0.8379911821704138,0.9085636410850724,0.33614925805592966,8.479480968076043,506804.39
665,5.538232394709985,3077.985399038341,Mixed,297444.6145202947,1.4018981432345852,1.341187736642933,0.6766460259119758,0.9579960006810386,0.9973694690319144,1.8900175598408526,419681.68
666,8.066527389624436,1546.9772401019807,Mixed,328812.1667721891,0.9762702914063922,18.048685065963667,0.4516368780826861,0.6489250056430513,0.8155900420788911,2.30259640004265,283901.69
667,12.674907555033153,769.3444278907458,Residential,348570.65530791954,1.4867206423805532,15.540497879264406,0.6488880870147207,0.9748996767310015,0.36121510955192754,3.7581195821540554,218899.99
668,8.453727976348006,3293.034826338655,Mixed,426331.09089610697,1.2295955786806232,26.328140766760377,0.6268068689076107,0.5758334801788101,0.31417456585306447,7.892793882449273,500374.28
669,9.735067690539635,3719.1275448484203,Residential,146958.30827407853,1.3554761815601817,3.436049721098144,0.8587624430074565,0.5409843887967453,0.8035014601065962,3.751829408401289,485628.11
670,14.61221085034543,1646.573984440415,Residential,104216.82009731058,0.8599196869759379,20.76425486671286,0.9853817739053272,0.7158077586861746,0.6074345159778669,4.675768367488233,285154.91
671,9.081992967090363,3259.6797597093378,Commercial,433191.72735406656,0.9284205193312056,20.72318125456504,0.5288340523367445,0.9141614843209214,0.850757696345203,3.7144320966744813,463553.85
672,44.889888519008046,2036.141447296366,Mixed,120475.76670169245,1.3308825711239423,20.403320489006212,0.8107125427530877,0.7367105653167227,0.9464332264728685,1.7220186262092696,344191.87
673,4.471570410251289,3594.713728084827,Residential,488642.0366012879,0.8153905654275265,28.32770035311607,0.2798104032305069,0.914643338765257,0.7195102723114607,9.454902606065687,540167.21
674,26.463313783727607,1076.1548469808604,Commercial,429142.20322938665,1.371814590125648,24.869538341199533,0.8214650955586309,0.8648434028971526,0.4309758960420771,5.936850928640699,269618.15
675,20.814642935988246,4462.053512917254,Industrial,275394.4726503196,0.809764313084338,2.2172090610616744,0.49713352959458573,0.6047141930694668,0.8475358252325167,8.09049869366947,563618.33
676,49.12774153697602,1508.3070226813406,Commercial,491639.64121491136,1.2599831873428913,14.661402670430881,0.23151213031174933,0.9744408124497319,0.969068220222062,6.925213829667665,320233.99
677,6.045925657318591,1902.1513400051492,Commercial,93819.5280986019,1.0555657441622641,12.540638629838671,0.4905969428497418,0.5303905843147017,0.7061619009419691,5.628288511557775,325616.51
678,20.19385215276421,384.65056519371393,Residential,186379.59252879574,1.2280463969034394,9.99426941163326,0.6885142007373158,0.9491398537718975,0.7773982130965134,1.807104309934421,153791.08
679,48.48878644713076,646.4098403742544,Public,337200.98676827515,1.2872219848923796,14.08876502946882,0.2954001341451733,0.652221724495187,0.5362322865256711,6.784601907432739,222978.49
680,43.342602731752024,2627.7233232904077,Public,207503.09081293043,1.039732653430413,12.141631362853346,0.9392275939442036,0.7500740415821996,0.5670693862622178,2.398333203431489,364208.8
681,40.94506751198936,1411.2041159670603,Public,467767.64839135634,0.875573713677585,13.537683096481295,0.2621379306182709,0.7111759363503672,0.8142581484971447,4.729448524206489,274062.03
682,13.266189938724521,4193.853106136752,Commercial,79531.7396800179,0.848752107423786,29.39859410265063,0.944005375866533,0.5859172784584581,0.9494397688847733,6.662018291323873,574593.98
683,8.958935575808258,171.99760440927383,Residential,297235.324427434,1.2122552157937836,3.570356267737842,0.7657100143485491,0.6790734332008466,0.7402918710570465,8.040061004249111,146991.12
684,33.59783938625933,1957.5608384924874,Mixed,315889.8203278015,1.1644587476138781,27.744695225323163,0.4637697403313629,0.5964672181463977,0.8528935359397432,7.165406581377576,378452.02
685,46.5041114618155,1752.9931791685542,Commercial,343727.6556997509,1.3195407063847928,14.926864690659775,0.5126002781672746,0.6019432377302619,0.4201445121907611,7.043801761491659,329395.27
686,28.059763204189526,194.70539149624506,Commercial,165049.80049931648,1.156814857002756,19.088525119486693,0.7926474917861954,0.5935284180131901,0.44837136318058146,2.3413798825768675,142395.34
687,28.79482812876004,709.4051551025001,Residential,214054.892383939,1.0957120530216153,25.075306031913122,0.6811768807049658,0.7445086901732971,0.672424280783373,4.115156860644291,219466.76
688,14.358965136184066,2126.8491071013127,Industrial,429656.2383492399,1.0786610247653616,11.453427845328411,0.7373143371639561,0.8989656837556578,0.42358793456998833,1.3862104539417475,312816.14
689,38.58990019300088,2515.0364637924886,Commercial,137724.24603657192,0.8185128318183673,13.482235334551039,0.5113316932107841,0.7844850168806206,0.7444965491546465,7.475292038588181,386314.43
690,9.758665553597407,2081.0197615488587,Industrial,422090.53122801293,1.03489004118766,12.876035928082704,0.5902507854460792,0.946603294275421,0.5041572297762893,9.573273831856772,355848.92
691,16.522122202010063,2701.59462421926,Industrial,303194.94030623406,1.483214110267146,11.867199653537035,0.9918939872303147,0.8182722442883621,0.8540728330668244,3.376993511611682,402274.67
692,21.55910371151263,3016.1452070378396,Public,392984.38003733696,1.4114889033589622,27.840350327759953,0.3711382963997742,0.8446700578163022,0.8656772426300403,1.7892703824607838,472990.53
693,25.626713744880522,148.62672352639458,Residential,371123.3148185622,1.0305646469239524,25.03896684459735,0.5342849492177051,0.8338036148635015,0.6246512190287471,5.280130690782882,169341.78
694,12.499281754546471,2374.066281322169,Industrial,143380.17292319555,1.2114567835464605,4.160999706026307,0.4334585500591739,0.7247295965918705,0.42656744452634465,8.710284008148118,375377.79
695,6.184422824590575,4821.146280349183,Residential,305965.7313952428,1.3931077218748458,4.135577221835785,0.8120892083518798,0.8446694111000415,0.7527424727573527,5.967767757446017,610572.36
696,30.72569210086081,2643.258172634789,Public,440475.41876229155,1.108892035725048,13.408215930736745,0.8112101005325767,0.5348538732344805,0.9949509127845104,1.4209943517110197,379265.37
697,14.78721238539266,3419.957110548871,Residential,244452.3065608682,0.8125705046251057,3.8610639252514627,0.4339563687979167,0.9299257359578316,0.7358136285597663,9.768450164751513,470889.59
698,29.27129196041931,1628.1329037927278,Commercial,484965.84660049254,0.852157323273048,18.95369976286247,0.2651122533063863,0.8889060717219587,0.32504228349980546,8.457849189663406,314184.41
699,8.140954406073014,3892.5577529485363,Industrial,253496.79504577312,1.1572749049440947,5.167056610590284,0.20914614133776324,0.6226149791158394,0.3121057830369578,2.1843466934635916,498343.59
700,24.316435041813467,3887.315261192964,Residential,114253.5365005481,1.4786075629731148,16.14882465503723,0.5419604265939884,0.8840162271270412,0.5242533793446142,9.29617980853158,565664.55
701,26.8631769113035,2654.3506335052807,Mixed,225245.60603495294,1.2852466795532074,1.2093784631078148,0.5282700754686167,0.5063213007000092,0.4370486648022834,5.056194597446698,380295.06
702,3.065265072710132,4882.4677340681465,Residential,478266.0828757417,0.8496413340069987,10.181294103966755,0.9907119029118905,0.6086232862404402,0.8691358450003157,4.347081915174471,590488.4
703,17.16191177059907,715.1960523370016,Industrial,193874.38220293442,0.932552613054304,20.638530986507007,0.5758416605581438,0.532568619335448,0.8913639669252003,5.149479974744694,215726.62
704,7.153526508479225,183.04355795894685,Public,440644.17194017826,1.3399262002517949,15.037129266607604,0.40513469566033655,0.8901134583089474,0.4810331399173333,8.511147611838524,185397.3
705,3.6370610384020035,3873.77523760977,Public,446562.8067568504,1.3890078319693715,29.369815093970654,0.912983552825174,0.8779370755891935,0.5279513438649248,6.935317104581072,563417.09
706,49.50303150330229,4055.0621330879244,Industrial,207583.9359493825,1.2323862103320136,26.349010085920114,0.5928543597228628,0.9068180119009153,0.46537287740058025,1.533236071597548,549028.29
707,16.456515326248788,689.0154226908236,Commercial,87465.94612278446,1.2510962187408716,11.413052592251384,0.6793405081684623,0.5022408466627644,0.9358677831598847,9.618439340045539,230706.89
708,40.58878506980442,1401.3558814971698,Commercial,376051.0591214682,0.8198362152683693,2.3191097026959633,0.2765349683425702,0.750616363339204,0.6518545342355975,2.33005720130486,232174.46
709,13.10471241080631,186.00658049648166,Public,190180.53455629371,1.379971181707056,25.523162703335547,0.5063331258638193,0.8524180987586683,0.7592959308574139,7.71011156561816,207199.32
710,34.2343847500845,1537.212192824767,Public,402315.6264159076,1.3517926457195808,27.425794999125472,0.9553789395790295,0.5777005643695077,0.5908374606897222,6.725228773853179,322955.57
711,38.131279064539484,3888.3951822014906,Industrial,249194.6817171949,0.9813246008723431,24.798194409152067,0.6716043073403404,0.8248953637563123,0.7417099354531718,2.6877524315190477,525642.73
712,29.98411766008829,2638.006585791637,Commercial,268370.0340541797,1.2960737039758548,4.7105482866731805,0.47560148411396935,0.5420550496548429,0.5700987637052153,2.536588685017447,377850.06
713,23.84302133323284,1805.6684065246116,Public,400059.23303684156,0.9503982244974987,29.939538897956343,0.7005337445052746,0.5906629280521566,0.5377749064104578,8.832948343342228,351873.97
714,20.886125250289794,1921.5225450410185,Commercial,222063.49897773255,0.8282311127360591,8.49894242503044,0.9283288716624929,0.7378984074973005,0.7441360512214361,4.777254311496375,291479.1
715,17.768979193878266,106.63276600579395,Public,249407.30539531153,0.9407955798132641,22.00194247144273,0.41919248037807205,0.826782576340551,0.7137434546342925,6.891188627567247,167870.33
716,46.51169264026738,1569.0225850696559,Residential,219285.71094632996,0.9250402137280097,27.333011413735925,0.6040933747765396,0.572934563476948,0.5054695679175647,5.536639034710059,307503.74
717,41.61566068549259,3267.6478340258595,Mixed,215303.231874776,1.0364235977143932,7.8349263155905735,0.9669525231294043,0.592611665415469,0.40454391522363137,7.546181653683636,441085.81
718,48.26883207799237,4873.55277470015,Residential,286675.95960565674,1.0929146480228207,27.339498085634915,0.33791691463876217,0.6022231835328316,0.5580036856866963,5.313181375353975,654285.67
719,6.652712562534464,4250.5980522211075,Public,413959.75002551783,1.1559772240483956,9.974965796651142,0.7757311404773692,0.6193504023494892,0.5906383473993364,3.5864192373001154,539283.78
720,36.677940022580394,215.61532676309272,Mixed,212795.74036515463,1.1337277128558299,29.31598344913763,0.691584806562386,0.6132769242631456,0.7400790333972234,4.270450338968468,182296.39
721,46.94785261264137,4502.9469629067125,Mixed,285914.62424198154,0.9894722241757026,9.156540591033764,0.7437401049125079,0.6975745542488183,0.9401701345458047,8.731699250053083,588244.87
722,9.471036775200178,3937.6722251632673,Public,351827.2964491704,0.8204194680018522,28.64963891797722,0.48097570453405575,0.8268948254183615,0.3253293582730476,5.212312236304543,540228.02
723,3.791565234655486,3923.843005497804,Public,171247.75083664476,1.2235711355660055,2.5527948758875723,0.45110349878701195,0.7190158915672349,0.4705627087792914,2.9210439902014835,499149.72
724,37.18547213985792,2344.1792191175005,Commercial,174885.26220607664,1.0770213808931481,21.56888833842458,0.7473677364706963,0.8879869543749441,0.43560115959569223,9.411448492695278,394752.89
725,28.93641910240564,2050.225935477064,Public,470035.90716055466,1.009070510171285,16.431222881273108,0.3724346280836363,0.8596342529743074,0.6516060860856485,8.169404108485391,361054.56
726,42.17052444953447,1584.2870712826439,Industrial,375590.5579989899,1.4068587299813586,14.858435236559188,0.5357237958872041,0.5632634570245378,0.6007905649302119,1.5009953145057922,291953.33
727,7.41873264300133,421.9048088763923,Public,309734.004300489,1.322720315458712,7.48133511341936,0.3505397168423344,0.5244208116603719,0.8103263366741318,9.99048665782466,208920.7
728,39.86573193706457,1218.3532811191255,Industrial,341474.0244892754,1.4004358838607096,21.462277903518267,0.20664387289866382,0.938970781999803,0.46969113878140467,7.254340267960921,304258.92
729,10.480552342363355,1308.3578113923206,Public,63184.74939653826,1.1464879562987227,6.533475251942906,0.9760458880304557,0.5399155332814367,0.716148856024831,2.4423993913652824,228485.99
730,8.600969171852373,2471.977641579988,Commercial,328146.3345027636,0.8916518764887442,17.032412083558278,0.5453623829251353,0.5741695903598565,0.9187000845199715,3.134509131687368,373540.4
731,8.631156997584151,3762.4775923238003,Industrial,279278.99295089085,1.2873550052848908,8.344115528167272,0.9754796915358603,0.511066637779059,0.9374744179428132,7.232009331173923,512948.66
732,40.821448651453416,2421.668159149938,Residential,295587.3559007461,0.9442516459560227,28.713020013659328,0.3122588158142609,0.8141681826493269,0.9711492233075218,8.017849497512099,426959.15
733,33.42726242446191,383.437802291087,Industrial,211740.72207386768,1.1088607683642018,1.8303046212339318,0.6698934235659888,0.7911852815791742,0.8412828064559918,3.1513234883482553,139936.38
734,26.391738526071407,4793.170024842199,Commercial,86663.25397082385,0.845500552264222,6.79212012322586,0.3607792262329917,0.9934518332176279,0.9341915343812404,3.3127196850934375,589599.82
735,18.262108964113374,4719.34916356115,Industrial,137002.65512542348,1.3777158816960877,8.027007585235985,0.8320593015706199,0.943466198158586,0.4641716103896919,3.7640862538485473,590025.03
736,43.92142677024886,3947.428761427201,Public,477835.1209457023,0.8881584487332504,13.007966947266675,0.8269623910087802,0.7054215887404549,0.4383066610453339,6.382165283529731,511063.95
737,19.926032817420452,4957.506717664681,Public,233914.8030219203,1.432168254934517,7.749177014231552,0.29008571923144943,0.6857929204562675,0.3045416586463685,2.5463456047114925,622973.65
738,40.92167225384306,2767.963430721288,Commercial,260007.42012388888,1.40496142158309,15.249123617794773,0.9296515623011115,0.6484260171399925,0.7947910502003688,1.9381887899629975,405246.46
739,22.237177974225812,4817.56491624071,Mixed,73719.40543404754,1.1252079351074722,26.30150017449763,0.3557037177625797,0.5762034600189407,0.9562270314696211,7.1097768017696215,664614.52
740,19.158749256532925,470.4646990220788,Public,66904.80329479126,1.3210577430127934,21.649839220865953,0.6903818732714884,0.5690418283010046,0.43085474152917347,8.01188145813853,214365.22
741,23.402649390645518,1891.8356664807195,Residential,372731.65117104095,1.2336115516727073,17.81889743551822,0.9885068960701633,0.5661418540048027,0.7458605027988152,5.5083646397485495,329312.05
742,15.418204771125033,1204.3682132331526,Commercial,292142.5988545001,1.3621529496364215,3.58109216149771,0.9059172278130911,0.5570573785933892,0.8225218314552443,4.274494392415468,236358.34
743,37.50666431872443,1059.5821122579232,Industrial,278917.69289732,1.1022635705501385,21.125771143288993,0.9652511428489352,0.6202560212027685,0.9493299646036395,4.888384421738287,247807.7
744,25.384659309577717,789.9344495741128,Industrial,159406.0386902009,1.350065938971045,5.826014245017256,0.47407901697449556,0.6533343151565583,0.7528021568120551,4.495670504847567,211467.6
745,11.994528409767456,3149.826843673384,Residential,385137.829233465,1.1237197719456036,23.80465419288924,0.2844605137755707,0.9807894855194579,0.9792056129241267,9.639864174139078,508023.99
746,45.02894137709114,3928.477093161795,Public,125706.46059882134,1.4586760514899557,8.251645996794442,0.3506774986315601,0.7892366255009429,0.5412711987087834,7.912809146972262,552159.48
747,19.502615457973963,2933.662157159767,Commercial,135470.63464745902,1.1404604705776034,13.094413121306125,0.6003959160612911,0.9937978872566404,0.5449499736399853,2.8727849336509923,413823.28
748,27.405866625142437,820.1172769822274,Residential,257320.47710672396,1.1238334903536107,11.16363586721991,0.8345837426186578,0.6862334739128366,0.6801087570100419,4.457702368485821,201399.59
749,45.37036949274508,4074.5064726740075,Public,178825.9379503734,1.349550303094459,25.905603525570847,0.3201229153471002,0.7288133162947206,0.5684513167811349,5.896110622267988,587991.6
750,31.399780797742608,3216.1780651022696,Commercial,161358.34155491588,1.3751043842325865,4.6697893026888355,0.7277852258086057,0.6622893295826395,0.30099800980127284,6.516872758573196,446481.61
751,6.286453015064022,2002.0119600222781,Industrial,340356.94004899927,1.1881423800248196,17.40370158915887,0.4588620832316095,0.5914438254482763,0.812240417560891,5.213655064258904,352962.36
752,47.02169011886702,3403.2384481267086,Commercial,342937.285348345,0.9258584694465528,5.119786673848805,0.4729616579137228,0.5715823538887896,0.8262019290349383,8.291139715107633,470664.39
753,31.571548627035185,1373.534398289881,Mixed,421032.6814099682,1.1274307616703056,21.439079247833412,0.7295341841263412,0.972539598903916,0.8228822232807393,7.908454175124085,300733.99
754,17.077827925525764,1791.4418216216316,Commercial,237968.85513783913,1.4776507520367748,27.247265706039954,0.5735995356265762,0.9934053408993779,0.5415144666273266,5.546421267653501,358886.23
755,7.393967596837669,4595.680631346752,Mixed,82888.2909617676,1.3270903351274295,13.60362196215035,0.8496266344207952,0.5224547482543658,0.6656026313178203,8.689864481035574,614403.33
756,39.80424686887965,1523.47207778996,Commercial,173149.87321465596,1.3678138227153926,15.1546755476843,0.32473480773026164,0.5751729373658833,0.5519814627236685,7.759805773981473,321149.09
757,31.19360141846142,2402.942513973889,Mixed,491002.4584385676,0.8229778491734682,27.895262258000106,0.8319586158136307,0.7117620461505113,0.311225480021452,8.00723663848579,388554.34
758,26.906324052827916,4461.691573240471,Industrial,318316.35885471595,1.127501623843912,16.108750270831358,0.25138819844593674,0.5931667381722037,0.6937142588899932,9.607607014900749,619144.27
759,44.747682861022405,3567.8346163108845,Public,369381.6881604591,1.2526347935602888,15.140354703437268,0.355243104196484,0.6819401968134416,0.3866324662588077,3.398202470882824,493779.4
760,39.53556195561427,404.7958082070435,Mixed,53311.02333143654,1.3810228785396523,17.77154397842482,0.7249197716025324,0.5645481749298167,0.3560289268640084,3.4088334613016427,177497.12
761,8.007906546771183,821.7849169669547,Mixed,283192.5794821344,0.8344915575079401,20.987662354525607,0.883940525208857,0.7282558783608951,0.828849348087751,9.000570301215761,230939.23
762,15.930242355879637,138.4237947823924,Industrial,66887.8958893114,1.3967072199493111,4.09961787752391,0.40214370219147927,0.6358473080846296,0.3066543416926739,7.950037360471115,155696.88
763,12.800212420816054,3191.5167721229004,Mixed,306153.5954411516,1.1838806557193382,24.812205304503966,0.46175328466313037,0.6759525278793304,0.9713059105261084,9.338909872920647,510231.94
764,37.32534148234751,2293.5997845110496,Residential,464346.8823362339,0.938119779403242,13.62964579614452,0.629696598629392,0.5471563257313738,0.6606787548788038,1.5681714429200775,335713.07
765,2.1598555194210793,757.9467694211501,Industrial,485788.6087251835,1.02207865151479,3.0981067870270804,0.3692582451914419,0.7140640253550709,0.9881115014943038,6.64981369535437,205026.97
766,28.70953940113017,4793.877193178175,Residential,293248.70392501587,0.9973506862260926,23.79929740674818,0.8489250092700045,0.9916288054807849,0.34059830073089586,2.301655043111027,599721.74
767,38.241704944164184,2695.3326473335374,Industrial,256192.1623634972,1.1716013240019332,11.931549178901891,0.8189093160046086,0.6644165234405952,0.7084706842061392,5.5350747846332435,399260.45
768,43.899899019706595,1285.277141153157,Mixed,475257.6924118223,0.8361799759377924,3.9106573577565644,0.3162333695726253,0.9382146374212175,0.5445289251831378,2.4017223866809982,221592.59
769,17.43304656143742,2552.957498658067,Residential,353124.4243985128,0.9109753109499465,19.379592146754266,0.5710637854533057,0.9215995708118425,0.8904377449700001,2.1527065808639136,381050.5
770,41.15223658126464,3430.139630402028,Mixed,79204.67579228425,1.3688851303630476,26.52380924957561,0.8198622133236972,0.9760292091486054,0.5528559146640004,1.1095151084382984,486514.91
771,5.9762709792827575,473.5721680704659,Industrial,259576.5099503739,0.8928227935227677,26.744851773005603,0.46986362488273187,0.8950547561335472,0.48234130534014436,6.672149311446139,204403.67
772,42.39938844085865,1446.0486937346707,Mixed,158110.25830893675,0.9633773886206889,28.772240769460222,0.7064854581741853,0.8297984135294074,0.9002871889699393,4.2312035502107745,298298.51
773,6.81068878543313,4054.1309053315686,Residential,261411.9446519067,1.11735942392291,26.16345833323395,0.2401704971660582,0.9282922221137289,0.5622571641572827,1.9466945639107451,557392.21
774,20.165720882738178,2352.3578649730403,Residential,254959.50740286277,1.1619846216793315,1.0620866610187814,0.6869510084234545,0.5378223403286748,0.311783323902393,3.9055399995817885,330622.88
775,39.966120606087905,2778.227995958245,Mixed,311965.1612666339,1.334527335729911,12.026993825988317,0.32212238400048565,0.7314153285994038,0.5732023705875335,2.5204968230642644,413012.43
776,7.920912653764302,2220.7984108263995,Commercial,210546.72065716307,1.1131326986663315,24.73773481725959,0.8644666600915611,0.9946281193075295,0.7581655883076592,9.475253483514935,393812.16
777,11.847944064015753,315.1097189507251,Industrial,123921.70225516762,1.3529052347248771,11.621337173955752,0.4843595708643828,0.8848000756473662,0.4780516771644673,3.880043971852133,166836.54
778,36.25150213545678,912.173921118764,Industrial,276673.7455654803,1.2328424149318202,18.44490668501148,0.42524309018255657,0.9810376890186115,0.6023913146976101,4.005581709604509,239072.81
779,36.14180855903068,2283.154029835265,Mixed,423591.2979555929,0.8791698175966758,18.58319147386143,0.8727111813691881,0.8898171780667395,0.3397005967975578,8.558722030596272,362864.95
780,32.23680782782222,1125.0087804988464,Commercial,348805.502630421,0.909432006874987,11.585733817125869,0.24011521845744818,0.9374409837210721,0.71166495405977,6.829801851574038,252334.71
781,34.85044800112145,344.8972404324258,Residential,202265.53966634712,1.1059236078148396,27.22974389115734,0.5172870394674758,0.8532648161515954,0.8294064467022755,7.391544466627012,212286.27
782,27.364859945706012,4233.883353853937,Public,470985.36024148576,1.0778225751623278,15.593622016197411,0.49600283246002513,0.8802510022086198,0.5893187929807772,6.7240162359006455,569008.52
783,12.964053415894162,4907.843392904168,Public,460493.40706213197,1.3204809887461062,14.478741972187523,0.4278402993996407,0.7615890049197503,0.594162842961022,9.515766555537088,662398.57
784,17.61195167844401,3986.400082584023,Mixed,144206.77972284445,1.2065159978581463,29.92789862419498,0.9294034656011816,0.9621188504070665,0.3617977490094415,2.8630074840224067,542503.34
785,9.489086981670571,4283.546116352868,Commercial,67737.91330416335,1.0716931567015746,15.311510558105883,0.8007427148133779,0.9125194553116809,0.44135860515838776,9.90135317580216,576878.71
786,45.468302786014604,1285.6879385535224,Commercial,383588.918757843,0.91953219841527,6.173549305928851,0.251138531353551,0.9219424828328161,0.40827271218953887,8.478605598008619,259937.04
787,29.37789384092296,4807.072180014678,Industrial,422424.61760711897,0.9587859716278466,15.879013263039703,0.7717499595479633,0.8365045504815262,0.6371814380630765,6.30075329988708,611508.44
788,20.342145129800173,1064.935951821799,Residential,485539.0546781099,1.2028507129283414,24.60648533007797,0.6218393065030352,0.6522899735436245,0.670478878665525,6.9613446195662405,275414.37
789,23.36928728038457,4762.006070772978,Commercial,450426.3773397398,1.0964071634298547,23.528949480050162,0.9206943155212635,0.5178148976950696,0.964258091898982,6.839432888505526,633949.59
790,47.39052531078486,4974.61454043316,Public,320240.64569288667,1.1604492562024704,23.868871188145658,0.4503564938786868,0.9678275647047723,0.3512620529940637,1.5255660165323852,634371.72
791,8.09089445424597,3587.441748155639,Residential,288523.55264557136,0.9194742047115636,21.532689735939442,0.6593295996876664,0.7930601744027485,0.7199075812085329,2.9621484867874477,487213.0
792,29.518376684831463,4907.6042857799275,Residential,62528.47306816383,1.2640343766411961,8.372317042933958,0.6006042197927888,0.6490714855740701,0.6685489691297689,9.653237960722743,644331.67
793,25.541489604781066,2890.744919878808,Mixed,160995.40108015004,1.3967771185991769,26.00043848936671,0.5916487249820845,0.5745675539237689,0.6613631685550804,5.8092798597344135,465447.45
794,30.76698465401507,1371.7547375628426,Commercial,256826.6382798169,0.9805576547508305,26.909860495911687,0.5648843196137701,0.9147615827503773,0.9112115011679784,4.405182429357208,293332.88
795,1.3964540991316052,2241.2798397615425,Mixed,332826.75503760553,1.1440599580822786,6.630428201937923,0.36450358042582504,0.9182600972237894,0.44387692948684054,7.858346170501675,361841.14
796,43.670133492735495,3008.448583356051,Commercial,300763.32499328477,1.4828691303146313,4.7832134599904235,0.8045679379939144,0.9072539840652658,0.32854129203896,5.720670483902286,425611.38
797,46.639854982938814,458.0996539323734,Industrial,384186.19535676076,1.0332692183855094,29.29254408908425,0.561068826191431,0.8225413459833931,0.7705900553439347,1.1184649428870783,190248.34
798,28.474092587665844,3149.481996624506,Mixed,175895.1188991684,1.216532441446633,26.18139494586067,0.9668130200020846,0.683007693795938,0.5416102248951861,7.6261383704360615,478106.83
799,34.984215781906165,4907.771400135243,Mixed,304228.673443613,0.8631369901401711,26.903848269088453,0.40864674175422105,0.6520351423901285,0.3123129413487672,7.589958040475752,649686.08
800,46.16371936827613,1031.5274839402655,Public,89664.00952585647,1.2242105017356102,26.70491515410746,0.746195071701633,0.5042773850590851,0.47596180510328967,2.4863384089897695,247343.59
801,35.50831239851323,3983.7160698130783,Mixed,236149.48561244312,0.8627422413132326,16.70891789697812,0.9525736637112867,0.9168037793441202,0.5165287419517683,9.60994079581792,534736.21
802,8.050682624255938,4548.704089520134,Commercial,387572.3748295705,1.4714648047266754,19.74565036330819,0.730766658412874,0.5437163487468213,0.7317868637489694,3.015173183870029,605720.61
803,29.026273828257253,4724.137804819082,Public,362030.3840430698,1.3009638564506179,16.81552271187561,0.8970183260939157,0.8153774990203838,0.42081005583449044,5.119744306439793,608210.56
804,30.532394795951365,4804.664461586692,Mixed,495789.23172748054,1.3517118516949944,2.484984126519543,0.861984767805605,0.7520374734200441,0.5891380435673785,2.0326236513482323,579123.45
805,21.494468229468108,2655.1522297352126,Mixed,175051.0066944902,1.2928730525401457,22.619589475230406,0.4880941723912031,0.7633446794631755,0.6377328110924827,6.429540875055296,435661.69
806,36.95398966342378,4888.808749158368,Industrial,274185.1846282906,1.212810325253526,15.654628966740528,0.6800991519515973,0.9633564226538867,0.6214661739548636,4.379060080514913,624762.29
807,46.75116723106623,3810.8200149587506,Mixed,198288.68619829853,1.1149389467598538,19.783563168916665,0.32500907184908445,0.515807505635621,0.9817585366667472,4.17856115988735,537178.56
808,46.31564138888543,892.1900375611133,Residential,248271.40132662863,1.4008613658327436,15.576554344290523,0.6284207061564797,0.8866961123143862,0.3318529664532073,8.442791894988526,250433.02
809,22.816548884504538,2436.810521693053,Public,435627.5584412247,1.4697849672801442,15.262528347351223,0.3843375774514698,0.5260261991836536,0.9656777305166795,1.0860554156543043,390920.24
810,6.105283269117385,3619.8227593228194,Residential,357894.083834819,1.149325321032857,5.981884174855238,0.7949894519619565,0.5190768029676887,0.7073560497958233,8.181520938031802,492618.2
811,49.24963934863556,1311.9675475135084,Public,447098.5361064118,1.4520745344086834,9.08269773909332,0.6224467375136997,0.714908849070691,0.8570094004788869,6.143037091732708,281163.32
812,42.02545527907374,3239.014399389548,Industrial,141579.99874934892,1.2083330369919623,5.606728066374718,0.5289818901053285,0.5315375871714834,0.6012748326112527,9.874886621321792,471074.99
813,6.670802719561709,3366.3423473284342,Mixed,443012.5030286471,1.1768689308275033,6.674322573134931,0.41503767693358207,0.8945719756464561,0.6176865168798863,6.304988985438241,470261.41
814,46.08167318955993,897.2287446619729,Mixed,76893.02338027299,1.1181379130687497,29.216344032188843,0.9989587854730295,0.7647815468241685,0.9155285493110765,1.4984122073316213,229899.88
815,43.55986992207535,2868.9180310185056,Mixed,449869.6761967186,0.9465014330710839,5.440289927393755,0.2573684167079462,0.5145193913298872,0.9271541474043314,1.455807937993537,393211.7
816,26.18248382774057,3880.971863795178,Public,198083.20075732755,0.8026037625726414,8.808842304851023,0.23484854445793601,0.5202503432409598,0.46708221700190833,8.948376877346487,522896.61
817,29.768134069373996,2544.5887562261155,Mixed,191564.43503632993,0.969054358799243,18.127100074418962,0.37380592039509164,0.8063342648697397,0.4394693150092327,8.570927309599478,409599.52
818,20.25063384157145,159.30527220292637,Residential,280439.85951439873,1.1568062201224956,18.695178710862614,0.9768579669022557,0.9030559088292025,0.6473646217089657,4.113010680238209,145370.12
819,3.210701121690551,144.28849848853167,Mixed,473310.5844754543,1.0659719665818268,5.465249762571043,0.9833905346559877,0.7188997656373868,0.9301939189893842,6.562292357630235,130572.85
820,17.092263461472097,1849.4437854530597,Industrial,71501.61410663242,1.1139396596018436,24.01780534777116,0.7239421878177088,0.7772903357678123,0.5256485653843234,5.4063222135004025,334506.39
821,40.241245705601564,4638.3509353157315,Residential,208503.93878183537,1.4864537536948346,23.770883169471926,0.9040853337651238,0.8999147270249508,0.7564102307373919,9.70447649622447,652235.12
822,0.7292851387278415,1220.516220057683,Mixed,435457.39490750106,1.0451906594685294,7.882213421912842,0.3711693846726363,0.8052530870209096,0.7957061814184208,9.549648107892024,272586.25
823,17.008208998711638,3208.382075471267,Mixed,228224.51484596002,1.1165280575520755,9.371322777588354,0.9776336753412989,0.6123801188294098,0.8450722654259091,9.85455107686697,462257.58
824,20.209350332751693,1188.1717663972709,Commercial,139620.60391868016,0.8934608859469737,28.20164809832541,0.31422788011165176,0.8065260129347394,0.6947471205446742,8.798039025708377,298359.25
825,27.101082345427184,1676.1829493317882,Public,241157.3815991353,0.8335704127058914,24.944471933404863,0.28090015054532663,0.8141397295326067,0.5817186247952787,9.185964316975912,338325.03
826,46.032853012431644,4255.406239047272,Residential,223498.62567125118,1.3427866602147462,21.236113958813192,0.28976923139781835,0.8670534904405633,0.976911192159281,2.9555090089042277,590792.97
827,17.644126721115082,3671.4210671227397,Commercial,461937.29066001653,1.199478222550385,3.3847634238074154,0.6585023386180517,0.8104370937784007,0.7279315273119968,8.47906110090797,501096.94
828,17.67418349386327,567.4564588347321,Industrial,392870.4690843937,1.3324933642307264,13.129658346174695,0.8247795205744419,0.984621065229019,0.8099956481432895,7.379714018838472,207994.02
829,37.006311781432544,2200.639902833525,Public,277302.00008480286,0.9049039592205862,17.219754290227982,0.4933337422997065,0.5986441543585342,0.5414879919871148,9.665078579452631,374109.03
830,22.884788074045453,242.9318418617959,Residential,494766.755024707,1.2002801398278837,6.434927351529531,0.9823167902289012,0.9755453397835381,0.768964426702156,6.1413564559835745,143806.33
831,11.617938735529107,2456.361718354744,Mixed,259374.8890741655,0.9775497320389629,13.99857088113851,0.5475361104946637,0.7691697451750081,0.48045836351488813,1.766504500395007,354531.19
832,22.895756048568323,3345.926657335234,Residential,76207.02386912385,0.959643271830014,18.429750447172008,0.32035884061857306,0.835978070247456,0.4715678422700453,6.376590020684376,481139.21
833,7.472422508800093,680.6628556309427,Mixed,168023.4448167432,0.8080682098370897,10.493923723346578,0.5727733985489094,0.5497307987260949,0.8003055412665985,7.17922835219159,194182.31
834,9.231155832058054,1515.5362006549117,Public,246231.71609869067,0.8912385064983503,23.647399749564126,0.743229732337952,0.6902879706890535,0.6649763153840546,2.9828892584118547,279327.89
835,25.169204750604248,2049.3994649605693,Mixed,120606.18086575405,1.0164876780497867,25.37303786752536,0.8657806244035029,0.8846895732315863,0.7782936272956728,4.547020451614555,348839.64
836,21.23680975047512,4605.702020814644,Industrial,476404.30684581934,0.8818151324136574,10.384674613588052,0.5670146319652744,0.8534555075494952,0.4886069435236642,6.38653072646512,580131.45
837,45.78487210287095,4966.949575572524,Mixed,395082.0040179979,1.4901009082876562,25.321057480281258,0.674885460839334,0.5200696940827051,0.7191063387397112,4.36695163584855,667828.27
838,18.43849800627334,320.0653650785177,Industrial,170729.24019249767,1.0160428539667654,4.003720416987436,0.41387576972708273,0.7732971317486224,0.6107535547921787,4.374529455147975,142489.96
839,29.23912333876315,3828.938825127421,Public,315862.04008306214,0.8912267626916297,25.294143860057034,0.7167332211244113,0.5441390964842048,0.7178722007918695,2.1977797525551765,511896.16
840,31.797082252016754,1921.447925371482,Public,374652.1206993074,0.9393576189795705,5.4297625183608815,0.9887775551602751,0.9979282145890811,0.5036158125709536,9.466720507698994,307725.55
841,1.148175601122515,2023.0451125244522,Residential,473575.51800805907,1.2113922598390334,3.404887422782055,0.2392428580702351,0.9486482942666473,0.8008156745543866,7.754449460455869,347300.34
842,33.34509991482717,3795.8983694004114,Industrial,446735.9071289348,0.844830466705352,19.611486728789327,0.9092245365641343,0.5105403302142685,0.8641505563116259,1.011190949794918,486138.97
843,9.312780360052695,4600.289517512502,Industrial,281836.5017621962,1.4037038910988098,14.686183606903535,0.6498260022140183,0.9293247894513155,0.48194153170040654,7.890519556199487,619179.38
844,48.07298071473803,4759.550113062487,Commercial,398593.6789068579,1.473049775466003,27.32882741197215,0.40167892764984,0.9597148002792038,0.5104343918989495,7.658154933920729,670740.81
845,7.858805023779091,2927.9006715877717,Commercial,302965.13922241324,0.9727231944671666,11.532486686634627,0.9639117680074063,0.6767741112817276,0.762807988803365,1.0875786413997068,386273.65
846,21.023894124487676,1849.8936805724638,Commercial,298716.750520493,1.1150666880136015,9.327415639691232,0.5866834424471192,0.859750827523883,0.7869096220124809,4.326438678523881,309169.23
847,4.724808569892871,3958.9905207080183,Mixed,101633.88125218634,0.815494115720648,15.521312278181753,0.4653522013387085,0.7210518731038895,0.792869779078215,6.460729212929776,531915.69
848,49.845275466374396,1329.9067779852712,Commercial,106761.94610726842,1.248497157309055,14.222439387291178,0.34519810261667294,0.8276162422881721,0.7778889533430857,5.074755866722323,284442.77
849,25.35865301139651,2863.962741284237,Industrial,288290.12676010584,1.0897482406368122,10.98841334029846,0.3955617682053297,0.6701587021490958,0.5749654018667771,8.001875068484566,432501.38
850,29.971558357342168,1857.0344614718786,Mixed,170987.69524055297,0.9890409262710891,21.118497662251528,0.8662792332731541,0.6612796183166342,0.5763975720825748,4.829124993709906,317082.38
851,3.8202856307271604,3317.492261168593,Public,59466.606107210886,0.944785977431626,23.02729318350334,0.6915280074537327,0.7122169444287896,0.478372336551067,2.3847667250845332,455791.41
852,37.6230432847593,1277.9546731781838,Residential,375277.6417550955,1.2578161543611324,25.73653510187396,0.9305964955906529,0.5727838793262505,0.40978358992745406,9.787740618464458,301386.22
853,10.890326858231495,1038.8054341006464,Commercial,64618.96851057423,1.0913519217226202,29.212841536599942,0.3855747617262287,0.9155694822176913,0.784804165577834,3.178359934984419,266887.77
854,44.95368732731533,4599.371524709642,Public,317874.57849682454,0.9257615023209385,8.733029571842629,0.2969108590791212,0.6743489476808183,0.36523215018061894,7.459230794871991,589400.04
855,10.654412203859355,598.8380464527309,Industrial,292637.2073572915,1.282376357040777,21.766710992208886,0.204870024780472,0.7000747769529225,0.9564546007507471,2.2884068049766473,221975.23
856,9.939042172851495,2579.193747901165,Residential,485966.610760012,1.1955505981256855,12.433488829376612,0.6062896300927951,0.9470273063510724,0.8786804125700158,3.961113524055394,391755.63
857,2.3092085584806963,1182.1786365187438,Public,267895.91270643874,1.4010704384506472,20.635377186582133,0.9986455443055906,0.7483119070315857,0.9002540179700793,4.978248475873814,272476.28
858,23.86731378294496,290.75682029577047,Residential,78620.64637000882,0.882233129213545,14.80346902012739,0.7559722150549113,0.7721269546754315,0.9346681702306332,2.730088040743575,142459.79
859,28.459636096499512,276.4922096279893,Commercial,298259.58551290777,1.3499666213611192,29.819419980270016,0.4467156735721169,0.9782490623885493,0.586023479506268,5.0496361873174855,208369.91
860,3.752577651703442,958.586683318554,Industrial,428493.2767772456,1.2714617507720813,22.13816193793175,0.9014868664209374,0.9433631915724946,0.8926905063452806,2.41446540692575,236582.96
861,38.888617026403026,4347.174737079401,Residential,498582.17792664794,0.8805076557796685,28.62224771259541,0.8253778127903677,0.5847333544442197,0.4106429102041545,6.031058850873011,579617.41
862,22.937797320027368,1484.1458454874307,Public,243654.4281600826,1.2863745109102045,25.214116934954387,0.21233213286123143,0.7366075149590525,0.31514925622576495,6.973419272681745,327964.9
863,26.45731833171521,4757.249935818949,Commercial,194134.43412353413,1.1090831022158814,27.18412932373776,0.853488384432818,0.9856481137142727,0.8494239762646951,1.561908556252097,614743.99
864,22.317755973442292,2949.949235647048,Commercial,457993.9836283995,1.4614893498890902,24.618156719225574,0.4404214057907968,0.6861831491143013,0.3523576535978575,8.840189089739512,485346.33
865,20.337771513328637,2239.409529866954,Public,136058.9580842546,0.8991279454325296,14.31561478090143,0.3197387716668809,0.6857865542581001,0.991967267128145,2.66626796537832,351108.62
866,28.202196399756787,2942.4352898803277,Public,326943.011764817,1.2499833735710166,8.301865147059647,0.3810646717896597,0.5975151158945772,0.7723575007210891,3.0282618278829143,422507.26
867,8.18439217357027,2631.822087608712,Residential,232571.49088142646,1.0673860318240622,11.739285088065143,0.5748638435001112,0.5571615570595626,0.8274147971694739,6.952148560747567,404092.4
868,9.50544245951592,3818.0036434108933,Mixed,68487.06422999987,1.4697702694136145,1.586850746558563,0.5398943416544089,0.8701523953779908,0.4720626993945061,5.2187595439097265,507789.12
869,43.1583882401691,1484.2307232669762,Commercial,206279.81343756398,1.0309824267031935,16.19580185647535,0.4311098394993814,0.8850152343507582,0.7717057757437816,5.494560392539591,292337.65
870,47.33271537561482,1829.9469188414816,Residential,169352.83512620357,1.4735301366442601,15.646676207841852,0.3377746577656262,0.9845064817514999,0.33025395607847,2.153394861068194,325213.06
871,18.978811155847772,4481.062082412928,Public,358741.01927456906,1.4310400957705243,16.232263480084157,0.8097846317137354,0.8867091054526814,0.8864780039465205,8.251622396887674,616829.99
872,13.901861320605912,4737.636914436986,Residential,476955.72396136314,0.9892682647174594,29.246905524189852,0.9920878269879336,0.6216762470167994,0.4187368651221007,6.55348821493789,623123.24
873,32.37797739033128,4473.535314683725,Public,170621.23432038698,1.3624792437784994,27.43216610019034,0.8222332643357524,0.5200582891442578,0.7881506467836393,2.218438389785104,602540.18
874,20.73234146935577,2155.2951703908366,Industrial,415159.67261825677,1.4969229412624543,5.6896705715731315,0.436749574137233,0.9927186921848301,0.4571363508629098,4.365994303230364,349631.25
875,1.7566246051870706,3923.79096473372,Public,74911.9176222843,0.9768641015198977,11.697593125120786,0.39584716912970674,0.6702253477718029,0.3479172185982299,8.29368939461527,531159.08
876,8.229553569626422,2434.045093175384,Public,292154.45451791596,1.1057440185263239,13.294729204434596,0.37413270085275063,0.6559857712162104,0.637045574984576,6.1151954138795865,387379.18
877,35.94062532794618,2537.945275515901,Public,81747.52866945256,1.1641265155967317,11.455454617697786,0.309356059591229,0.9529776048746912,0.4185003471909526,1.9778390121963743,373885.96
878,33.11673512455249,1102.9325343806913,Mixed,470314.8460087877,1.006451795062705,24.156382944513478,0.641064439753841,0.792549949272493,0.8106107918285848,4.35499341210358,257695.4
879,1.8412516289224328,2996.5384859667306,Public,394858.0762508256,0.8106853877522209,16.19709242616002,0.6843202975626754,0.6074355869245673,0.4662960903684394,3.184249586101611,407305.02
880,11.487622015680998,1012.0658989914049,Commercial,346077.4600420666,0.9540904709382687,17.590894692177127,0.7644021285305098,0.9445481213581197,0.5397307893650801,5.657189982883537,230246.85
881,11.938202431109534,1724.6670254292494,Commercial,420753.3717310989,0.997355819039231,25.73739321064984,0.7441706967469344,0.9966804275273717,0.697207475885131,8.590250159847905,338379.94
882,33.758690808137054,4289.647987937682,Residential,341383.90800657345,1.110519790922731,24.3719164490454,0.433866649026706,0.5433392805754154,0.4994777943041181,4.9264042132397785,584843.19
883,1.4756716188410257,1114.6714651331906,Mixed,486024.97872843104,0.9197717348893814,4.8341341617886915,0.4642488043174773,0.9311258141512436,0.5645916813469731,4.900078273314907,218990.54
884,5.653374808236405,448.67559734982075,Residential,371281.0765391472,1.4112780496841708,21.703522938425394,0.7452116283538703,0.695257848842197,0.8709352397282706,9.148158120943332,229645.43
885,40.09584622597287,438.1372038027999,Commercial,466096.37431201106,1.2934377929119352,13.62764773815903,0.4795581126269027,0.7620362232533522,0.425446894692718,6.185668712565452,190817.65
886,9.337960771689513,4709.844150465228,Commercial,282709.3514047871,0.8596403342917635,9.544818188812513,0.3700985516954505,0.9574079878824904,0.35754111263735355,6.0957197865766615,589572.71
887,32.8109323386678,2583.9101460129896,Industrial,102678.98584183819,1.255064715797952,2.450545806163404,0.49946892295739165,0.9866895978875586,0.5298504495931134,3.3571890268785043,368448.19
888,12.290047661812963,2106.11915190339,Public,287679.97464035766,1.2575595334839342,15.130237250018078,0.41766732606238216,0.6310819552043997,0.5970637369097147,6.469504730534137,365517.26
889,5.422348941587585,4073.3050469388004,Commercial,107092.77262839198,1.4693548215505394,11.30766374101141,0.27065017697486227,0.6064253854799568,0.6798614974955973,6.183194206756568,569805.75
890,12.537023454472978,4195.547046761529,Residential,316622.06562938227,0.8021146099493129,8.293878150615623,0.8641111218213229,0.540258279295756,0.5606965873225049,4.571663233076776,514393.09
891,36.252213126855125,1727.7360622664626,Residential,267121.87723744835,0.973552714864065,21.14548015831177,0.882489111325629,0.780898926331069,0.8529381901559636,9.916260093092625,333912.65
892,42.85697517126115,3498.7284816215965,Public,330158.92902475176,1.4494540355627208,23.315076232152023,0.3758002401335036,0.5068021977253341,0.3275236413679313,8.93701868453278,538951.6
893,41.595883296066084,3878.5017976742442,Public,54521.141474674216,1.4524937407787981,8.09889605185332,0.2518177596201614,0.7059491488049683,0.6022372767389905,7.74627661069134,549894.09
894,20.160584716113515,3307.7883656431773,Industrial,137678.22124491385,1.304410493559446,2.4339756637010703,0.7910619498809437,0.5366920083260043,0.5675791402594832,5.836110295717004,447671.88
895,33.570214260246985,842.8158665204869,Mixed,271098.6943604589,1.336034324733278,25.613828316391814,0.369222900690731,0.702612891464667,0.7533049435648013,5.158538217051673,262108.56
896,10.646722623083138,4391.827109233579,Residential,477726.6027151107,0.864038070550753,1.2888324949247962,0.5147483915494881,0.5199660946328046,0.9763933763281771,2.6640765570087943,532371.17
897,15.010812647920156,2741.5633084064425,Public,222624.0681598213,1.1597130843447636,28.17626232372269,0.25130820178990665,0.9176086303043844,0.6572627846402035,3.7516372661316133,442868.15
898,44.868623016795425,1484.1148892130182,Residential,240967.4117241356,0.9621080939022997,19.20097634549847,0.38101566780674817,0.6048694969692829,0.9908137928592042,7.965647198408892,313143.12
899,1.1435952137814338,2183.6181086447,Public,371613.24005297996,0.9268526305295322,10.333552420838288,0.8343218226637086,0.6641543551789559,0.5115745764392382,5.083740585437963,325994.21
900,4.73267227729617,284.09834295464617,Commercial,321706.7407787531,1.3672123093863329,8.14785937772535,0.8435171575321616,0.9350239983031959,0.3216076927797227,8.940425649125512,168895.87
901,10.790369629728353,726.5473259898461,Residential,184516.76754424995,0.8945266956763832,1.261164263669782,0.36566785991016837,0.8731330306661025,0.4159642172334889,2.331200227109759,158912.46
902,1.813344091754076,3851.179077527718,Commercial,234867.3780053425,1.1280561458974696,7.828671093315437,0.46873107608535164,0.6095191808210292,0.5765874193421971,5.5751238641227285,512526.61
903,9.481054036944967,100.05701030129408,Residential,147964.90948575462,1.4570047677102231,4.994120743997092,0.3073907352749949,0.535949709328748,0.5214337364319865,6.8226911561917785,158169.2
904,29.360557267999763,2141.1725595632315,Mixed,484709.6566085938,0.9300824388957398,18.752820400971224,0.2593381042279379,0.8578368884276697,0.3679378916883643,5.651636106771334,355978.06
905,21.36051525432865,2660.2998873193833,Industrial,108785.47170081188,1.4845953966167642,5.829822069220238,0.9937373715587277,0.6953512753440547,0.6028620753835017,9.003042024264884,409165.4
906,44.687249698310254,367.70865800476423,Commercial,217326.55305488876,1.4960015900327415,16.33026528856196,0.7244751609958715,0.8830399995591106,0.5366810401616939,9.906069536462258,212773.88
907,40.96345630605283,4868.082998564431,Public,61627.53749900503,1.188932008277682,18.113376247989653,0.633677207358655,0.7226473861876053,0.3858334543202069,2.042511925072328,611393.24
908,17.419958909044862,1208.0141231233924,Mixed,149800.7713700959,0.9190999181240106,9.64320925206052,0.8123988003242397,0.6730012064861381,0.5072819914283362,2.169594136692289,212664.05
909,13.341459954848977,1590.5737262177763,Residential,401212.0122710697,1.021273421558627,2.0168835215428427,0.8720617277501794,0.7256027041061983,0.9205052387487733,2.17291702204109,247261.05
910,19.29477420427971,1589.318310049634,Commercial,140528.85452999576,1.0971449828735746,2.080362537811687,0.845371814435782,0.8742794928353383,0.5114342058425381,7.130593864634748,268481.51
911,29.719599654482984,1229.0416443750146,Residential,86028.53113803452,1.016526957050756,1.7640726336236106,0.2132315594319013,0.9511101432701871,0.7997687962694361,4.354084859462541,238632.15
912,13.769150220732374,107.22172822292593,Residential,263503.9309300355,0.996444905913561,22.43461534695984,0.3494463185523988,0.5248835982942878,0.7284329557604289,7.5998319513931545,177500.08
913,31.395370938532135,3673.789491031182,Residential,54486.15563053332,1.4805607964514502,10.222281439614646,0.7239242416942648,0.7620557706134776,0.5990268136858602,4.6492432559828085,505369.38
914,20.7658767834664,4837.542949016498,Industrial,88144.76949184993,0.907355379191022,24.092705393062246,0.5006074782431704,0.5164177145419389,0.4673179457625684,6.648460491988573,634882.4
915,27.826335452173023,1199.0380680967207,Industrial,413431.6413033388,1.3133295361018036,13.520251891442626,0.9859861208488856,0.7342047725121794,0.5583102895421618,7.928722051110041,263853.15
916,22.088263192198177,3348.9312398367697,Public,397163.00518682285,0.8002872026074225,14.13694492406895,0.7323238341106033,0.9426414145484502,0.7144750494297298,5.933943195894285,455181.62
917,15.076055097324925,3735.292002097704,Commercial,461812.46918220323,1.2173278685816638,15.87359547277764,0.9652391269833653,0.6807951332101548,0.5455272503245484,5.855532314050055,507378.87
918,47.44843869462676,4257.284357543571,Mixed,434531.9461598373,1.4411601027678367,21.677912234878015,0.3611571853166351,0.9662252105403216,0.45042750350196226,1.79410892757071,578301.06
919,38.29848681090816,2170.8830653666846,Mixed,357429.0034579181,1.0015538658652534,8.931583109061505,0.8911656224920186,0.8153042358253046,0.38152392422414244,4.697035686184913,319428.35
920,7.435602200439401,1584.3614376381033,Mixed,73549.78578529827,0.9298681826804035,4.526033136472281,0.45708184465218027,0.9670776718965032,0.9158368565366957,5.9119943790244385,278146.06
921,43.48916480694668,1693.9461567128524,Residential,402281.87809399585,1.2561758564148988,17.125662720552384,0.9916518465902455,0.8785833127062599,0.6082190830263339,5.15782743099769,304667.4
922,24.627844313350927,3591.844532182713,Industrial,430479.8648782522,1.2988209851088752,10.482351074039439,0.3261509376585179,0.5517175833243811,0.7376458252200511,9.107038001695829,525606.92
923,44.780335231257524,4102.219385877617,Commercial,409586.9655973795,1.2816213632663869,13.832248096373085,0.6130718550706613,0.6155756837813385,0.6432872527957636,9.158775689075405,572253.52
924,40.0928351693921,989.9084420073531,Residential,278815.5658886117,1.023521816014962,19.761454541781855,0.8342756270696976,0.6970852272917532,0.9107965628505743,8.397256425298856,254883.47
925,21.548068471227054,1917.6109399730494,Industrial,154805.82739226674,0.9765416815115316,15.329646493096847,0.5461139844832288,0.585053441006038,0.6828543967137475,4.37768267835808,320414.23
926,1.6122307618458112,4519.506964070835,Industrial,430398.489059927,1.4691431599734308,18.988085695924443,0.5744672481501174,0.7474558023883302,0.6365469925643793,7.455692365187809,626154.2
927,13.799529289554831,4052.7982465042223,Commercial,377223.2643830623,1.4463096557889505,16.781800061295208,0.9890846364045929,0.7356840778507453,0.9472206932951988,4.557596149626488,553215.02
928,27.31089362571291,4925.806173536132,Commercial,491342.52847498324,1.1201216269249743,22.454094786146875,0.5402465202409227,0.9781295990136907,0.8037827172317482,3.0933423907818316,638849.6
929,31.85717188139429,3795.816472442196,Commercial,120061.66899016981,1.3923357063080615,21.47216191363698,0.683257680479251,0.7168639414479889,0.3780849351428001,4.0861237919579345,529640.85
930,13.265440428943513,2026.656485036819,Residential,151549.06237342476,1.1166264343440073,16.491506862449956,0.24363172854012058,0.8928134021439988,0.4243931228377698,1.6386816995698195,330849.98
931,7.398125666604795,2994.125386573725,Public,145309.16744667623,1.0970723126507573,20.6881876049315,0.873768064168208,0.97095527242574,0.8509860040576094,3.9859975810418247,436376.67
932,41.829046721565305,3338.9698458118696,Commercial,406642.89542960154,0.9097340633195063,26.33322846590577,0.7185344391836348,0.9384944154869928,0.885095924825968,5.146679955350544,483952.93
933,49.22790794482583,484.43349995390736,Public,134108.28340255318,1.098484239544381,13.53586734585689,0.5232160822902509,0.604333812255796,0.6816335803632074,9.59932805302747,206381.09
934,26.52166402398295,2768.0350996089387,Residential,79996.92342048774,1.1761918570198648,12.970129109715016,0.2129356319636158,0.7480149471267721,0.6881186595066475,3.8206952759766244,418038.75
935,8.998124649491023,3575.6720595157867,Public,499352.36296353285,0.8157530292000805,23.163123004719022,0.6733350564748031,0.6738698911479628,0.7423530739960111,9.122081852849686,514944.24
936,13.979212662708763,919.8743896051958,Mixed,61167.74515031712,1.1108791036227845,17.894061274217826,0.21012626278732977,0.6999293475686077,0.6073810419978476,3.0597244824114735,234458.64
937,1.4103384890996034,3925.09541538523,Public,425859.82707148953,1.3469493528766403,3.059196626455068,0.20096289112721433,0.6804034131228756,0.7761393864387327,2.7187200798332447,519072.44
938,45.757790924744704,2960.486624519147,Commercial,214415.07869779377,1.276032239461989,26.87124845504136,0.6928788497194838,0.9131796050875021,0.37593688029649097,5.670959107889485,458687.79
939,6.328678603061986,4765.886749918213,Residential,428726.95689101686,1.2446098922047546,1.892709964891564,0.3512136538676434,0.7260695275612237,0.9728954696571703,7.052602323676654,616795.84
940,29.03756553795555,307.8692612137693,Commercial,299579.22104501526,1.4366887999060416,22.70349433008255,0.35351003977447626,0.761847166122344,0.8251083766564451,1.3989902572205328,190934.29
941,14.065733424016697,1400.098074021788,Mixed,455734.053268862,0.8126224068776611,23.005030138425074,0.7226172526661949,0.9912236785235373,0.7418219428063049,2.9895927854249504,264763.31
942,27.931811124531773,3047.614008569138,Commercial,466786.843886582,1.189933310334564,28.640221473175984,0.24295775035149944,0.5299896360957582,0.5214254399066365,5.101152998511848,480191.52
943,32.74530922341728,1553.1435698090604,Commercial,54094.1815763492,1.351144193886795,2.569897843667302,0.4507244491796451,0.7439788198953744,0.41266884121971037,3.979039023848633,272636.58
944,41.57221928350648,3600.6784039490867,Commercial,83935.47919675472,1.178934767890887,18.308848962750236,0.3195455217136153,0.887030853473058,0.5865400746802611,7.413589714134897,524851.54
945,10.717852952149858,3819.125884357462,Industrial,162661.42830688495,1.0267268868062653,13.407376548184535,0.6641410958372271,0.5755809790941133,0.7631037184018409,5.6004453643718515,513408.17
946,1.0442935185947837,602.3282239257248,Mixed,351191.93736357574,0.8953753955643845,10.588355690926718,0.7294121237819167,0.805765797307387,0.7435968203961776,2.443231950435102,161390.91
947,7.27583868840596,2617.886874613162,Commercial,449722.48843017773,1.4212941502713339,3.619238248673118,0.7769086828792349,0.6197323897672333,0.5678488085459,9.050188413835814,403401.5
948,45.050922771481204,2593.563722396174,Commercial,256973.87808228325,1.129533674671322,17.316969470467967,0.4041849735348524,0.9337020566122838,0.7293004756831908,3.636151079350236,401115.02
949,43.757558839344505,1909.4757740561513,Commercial,323137.90232341946,1.414680637889991,14.892181044563795,0.2713998013092672,0.6635498327000396,0.8696238068972832,7.580179980679811,368638.71
950,30.07194855743026,4671.331826591393,Residential,134824.93375800253,1.2100964857032177,4.0320792863797035,0.2629469255535183,0.6645314084504548,0.3183993406363249,8.01924201194869,604276.88
951,30.225584591465843,4154.780967378783,Industrial,412235.0752467584,1.2719344816305005,18.76219570581542,0.5409212387605791,0.7990969392589468,0.6154347335511929,9.668419302304919,591037.8
952,33.41931539003965,3516.32597135722,Residential,485297.6501090614,1.3629828080649151,22.400640487335217,0.9566755272501721,0.5917814540599544,0.8309886599267537,5.486567198716912,509963.69
953,9.180878291860754,3600.200515101488,Industrial,170869.51981156884,1.261408881220094,23.2510707305558,0.3741832273976197,0.6424443194515306,0.682301129324364,6.54251963917989,534728.89
954,45.76339132328551,2362.4091046842836,Commercial,272671.67822024587,1.0786383884752564,27.255822459610396,0.40539328107323946,0.7083159250597058,0.7560332615503489,4.013886641315803,397716.36
955,21.22914098215762,4612.873153373222,Mixed,88752.24972786821,1.1595433687500556,12.874651514774538,0.2807110416846872,0.6768189315700552,0.6616734748237394,7.103613640708598,615344.25
956,19.465357148350122,3503.5175935410984,Public,301611.4954083358,1.3621318672731157,28.639110290041973,0.6844562191151442,0.7624386090027913,0.9943121812776177,5.170451372796878,530958.13
957,26.18642641150046,3672.0072021135006,Public,276252.5488310063,1.061555207461089,26.097452747397895,0.7438982991577399,0.7998200720344831,0.33823507554232674,4.9388712825198,511621.69
958,2.824815355365225,4322.2854285579915,Commercial,114996.41786978493,1.071685019737948,9.598545559694232,0.7143449665286081,0.7833337268750823,0.6437313752406641,8.69920776204495,569957.16
959,8.731026753425931,1442.950787776736,Residential,248929.79590313375,0.8669830812406009,5.619208083134296,0.8889041944358251,0.8270841559959661,0.3639915843801624,1.451519591488198,216750.34
960,37.03266401310534,4054.6474289468447,Mixed,200347.09343895345,1.4402091046552234,13.626292487712389,0.5891406680208574,0.6538747583039102,0.4118498934794993,8.937661850486815,569984.51
961,4.59853406229376,1056.678954486811,Industrial,284823.8938873352,0.8637254204618092,12.655062530723031,0.30756563261365155,0.563213113577514,0.5681268452927832,8.668628540457012,249643.23
962,30.356029418586214,1792.1755659999503,Commercial,313544.45094295964,1.253746424213989,17.695859854604926,0.43152410456353013,0.8804037707155385,0.4088780640503411,5.557296282056102,330334.19
963,12.644780929225387,1744.4912259222292,Mixed,53823.01037324428,1.0892361351619584,17.91820073750469,0.7299439787370814,0.9253901913153411,0.9745810161696558,5.411825687850654,319398.91
964,19.77013289507784,4894.774795106789,Mixed,392452.6923272999,1.0839335731788098,22.749622547019282,0.6904975789932479,0.6285031161112161,0.9627528437076114,4.256266312319411,638993.2
965,14.790339970149644,4297.032396364842,Industrial,370856.43133778335,1.2756862856008788,15.786808497962696,0.6248025037943701,0.7035459780790099,0.5352767523544226,9.94756412513561,596777.85
966,18.105799465014982,3535.7323217922726,Mixed,214828.873792935,0.8469656128409151,4.039856587282201,0.7463715349509499,0.7492846084817777,0.7478233984263756,2.000523994784571,436574.19
967,36.092772306620155,3662.5781319154116,Residential,73821.17100596821,1.2155940480660044,25.890448731040077,0.7099126802986395,0.7666634213764683,0.6736273244156503,6.311937120657463,532559.2
968,15.207524923347163,2854.1566925725983,Residential,389719.64290327264,1.3404222501806484,9.983172912370424,0.9050599115719613,0.829745085543826,0.870910886361038,7.135134311011753,428343.11
969,28.53702969469641,4740.744268831743,Residential,479828.8222151596,1.3797489305206159,29.16762634889117,0.6688131019826373,0.5208016166776607,0.7392119268718595,9.4089700739525,673176.8
970,24.064494908855433,2531.6678891235715,Mixed,158068.21820990636,0.9193712725756428,4.4179431517133345,0.8228810869604453,0.8607385413670086,0.3001767181433935,8.021831471710854,359401.4
971,33.35172268545108,1964.5367783624831,Residential,195586.07618166704,1.4281933350547216,28.789283994742593,0.3989657247731743,0.5309855034897051,0.834222069926817,6.794624825303922,394132.2
972,46.87307209657552,898.8731509647959,Industrial,132715.80026681675,1.2593022642932095,3.6393423995929925,0.7425460676712545,0.7341442838364339,0.8227936849072826,2.051310851309104,194576.72
973,36.76231881190739,3952.407696079184,Mixed,309621.2555051779,1.417298360574478,7.700048000464724,0.9217552947061407,0.9138355677845971,0.6568058938965367,4.363601651483206,518810.1
974,11.13954874024246,3698.775267170398,Public,119678.62759135473,1.1396965019771388,2.350818320509706,0.5085858623198667,0.7256076566391981,0.9320432812631376,2.2495747829318673,476191.62
975,2.0435651855335912,1983.3396887682609,Mixed,210287.27455762075,1.1794233415680415,21.448281252530855,0.8232833498709173,0.5745448743841239,0.935912343983281,8.930914592189623,368882.51
976,13.482070192841341,223.44772840022387,Industrial,363655.8562704183,1.4433267939200698,25.65866336058196,0.7798314409563483,0.9925169225029798,0.666738173693078,7.746590400072787,204502.49
977,29.956357569662615,4211.0869058182525,Public,302052.1923542068,1.4299366803482703,13.588061372663432,0.247620957497458,0.9446427310371317,0.7255917618375763,7.817831081175063,595960.59
978,3.0455777674703923,155.9481189249608,Mixed,223908.15394757086,1.1137126113583014,27.92714017623046,0.6652066476992579,0.885656816612507,0.9975654503472706,6.870308659961897,191482.51
979,25.0701292364612,3548.1289201823497,Residential,239112.32081339386,0.9920888421449773,18.118673080912387,0.3041514793606419,0.7057558014496053,0.5091741643679922,5.563391832430387,499534.71
980,30.043721021386016,4854.25983765768,Commercial,302949.8971804533,1.075219304194985,19.27020692794917,0.973855337784473,0.591922863444649,0.5272320696180341,2.3497395351714747,600817.6
981,17.04507259543956,2244.540507926197,Commercial,52639.12754922258,1.0714350299708248,25.517156849322326,0.8491260021605249,0.9707055907092506,0.4279417318644474,3.9672539803454656,361983.22
982,38.660154085418185,1251.3696844801686,Residential,85329.44080412443,1.0008068124879559,9.607205946503328,0.28777904099769613,0.7661755632585695,0.9271068574105075,2.232242132292015,245457.46
983,5.776613530121704,3553.8679492125702,Commercial,446566.1304933552,0.9880057230330767,11.273705918501149,0.29740159811814276,0.9261777301937426,0.8211418729644864,7.524218285671089,502455.28
984,4.219320195922534,4103.927895876367,Commercial,85045.54509108084,1.4027440555358037,27.272605656644686,0.6755790839300952,0.6710475028797129,0.3739499942091693,2.442058984198045,564493.27
985,36.54534343207837,2777.5085487814517,Residential,368061.6182947273,0.8489033444792632,27.12794138512415,0.4759113393385467,0.6676441585397352,0.9872371458385758,7.31902195154517,446525.55
986,25.026820152206824,4838.4728487551165,Residential,464017.17384907365,1.2743278274697158,29.318000509825254,0.22792468725848744,0.9927702403370195,0.8116731957127812,7.230298506363143,681759.07
987,34.57591862317293,353.1767361240094,Mixed,171807.621935779,0.9209740360195167,27.15331117680846,0.6333132062664425,0.760916524247425,0.8953654767234822,5.1337403109216,190257.08
988,22.02395326088544,2573.4984316921878,Mixed,216721.1466767814,1.0411541253758443,4.693789044967466,0.5102760797486776,0.5703477119303731,0.3337055524212406,2.2170578870624706,351239.18
989,12.696900645335788,3620.4243418804954,Residential,306014.63263012236,0.8430801238943858,24.888004297972632,0.28086119389739417,0.6098373389973537,0.6534726432595173,3.8332074352063303,507791.11
990,41.04556472487289,4326.938308630977,Industrial,446769.0363373631,0.9889815457988235,12.885315865178228,0.8415363138047862,0.7409721396963604,0.7890188007089274,3.8808379816799627,547869.9
991,40.07108600896447,978.3524983481713,Commercial,473857.5142671891,1.3378947497820695,29.733239322432198,0.9320614122230448,0.5212354552442057,0.6800626092002888,7.303466198289641,276366.59
992,34.887475307294125,4020.017060642039,Mixed,382803.4616500706,1.4195107271830811,14.69614796553523,0.805275147211304,0.7312669926891502,0.7666532259894943,2.023687174723519,533680.9
993,13.971184292883153,2808.264671020872,Commercial,88978.89238461232,0.9550690063316569,17.0612463925644,0.857937848013022,0.7094704210400637,0.8725118445133306,8.461617815944816,426713.32
994,29.71641801001981,2043.1130417508198,Public,351119.36999068287,1.1244834874812453,16.363472542447155,0.3731924538128939,0.8896681326597435,0.5620359440721373,7.849065611673225,362555.25
995,18.368207898531328,745.4036400375585,Residential,234636.67484269792,1.1292268335560445,10.330373865890056,0.4108583607348808,0.6774709822446209,0.8940680729330968,2.6767622635684654,200616.83
996,5.033312629668391,4339.949218653671,Industrial,261815.44977097772,1.411502714031814,3.175640577894627,0.3668220322393502,0.9912743807697997,0.4140412733357035,7.472479436010005,575561.95
997,45.90702198538102,870.6387200806053,Public,72116.77565532966,1.3339593370130638,26.973885681655638,0.8120507450924512,0.5903849596504516,0.4896202385184623,7.016618633210396,258223.21
998,7.2725222304885895,1617.9605101245863,Public,135977.9627058612,1.159154052857635,24.27759856326232,0.9583336631475976,0.7954933424840674,0.33034193394912803,7.7330872009983365,314832.75
999,47.53674901412972,1521.2231066159407,Public,405731.12339014147,1.2695230403302413,5.046276636230409,0.7734697653871221,0.5448496485041273,0.5550987679346757,2.70035699903825,257109.06
1000,22.57728576141881,4369.928767535186,Residential,254281.4748715369,1.3931485377365567,23.526279869152113,0.9051734119036448,0.866931991996991,0.5659366813768842,2.4183128994082175,579963.88
1001,9.664079977511673,3396.2446716236004,Mixed,185748.00873401697,0.8066772678178815,19.149553315467692,0.7109592759065382,0.9973768440309858,0.8636894180450756,3.128355873304788,459848.47
1002,27.324096895228728,4003.7388462377244,Residential,222808.58328423116,1.0820230217350342,12.865169849611046,0.5101279204470393,0.909569318875816,0.7571914692027591,4.292845328340781,531514.69
1003,43.71081887588221,1327.292704083245,Mixed,434479.7809965561,1.435070217093955,8.366613323771318,0.5406092919442442,0.7778517703601506,0.6057057907089667,8.142984829322211,287847.53
1004,36.74513187727328,3161.883088074295,Public,387049.5578322306,1.318219121590766,25.932134721564744,0.2602571457339239,0.7423706786998461,0.7564797850366237,7.64131543730965,509505.42
1005,40.42477681914176,2901.5553174043685,Public,172541.92873148725,1.1799889620338524,21.30545951952754,0.2251657561968209,0.9175149806334235,0.3369483453609838,9.329064330506798,468398.09
1006,33.10977665218051,4180.868846262529,Industrial,102875.828095568,1.1707511689245935,16.88445737460497,0.756380483351262,0.9679870423553621,0.42619007521286323,1.527666031887539,533861.95
1007,34.7676899436337,4539.826596358176,Mixed,163399.19973983226,1.0434390683231065,18.677487483055458,0.5507431136089445,0.9946032628990464,0.7388634986692284,1.1040065291276704,577296.87
1008,42.5351847524833,159.56818023919536,Public,464340.4029746302,1.16436437354906,3.6409192803832484,0.6417720544437036,0.6982696137822421,0.7489567734577116,7.292249467307192,143667.08
1009,12.858566438529705,3402.697603388084,Commercial,311714.9770323899,1.2587682396244173,14.743673066424567,0.646128998097933,0.9954587373972561,0.8418942610951989,3.513587462147491,477726.66
1010,24.726535700335454,353.99541568667223,Industrial,290066.0939351523,1.0928541269001553,6.617308490785358,0.4219006506666412,0.5779631260869158,0.5820998313375215,4.006710059804358,152302.58
1011,11.44986737007031,2789.407458879044,Residential,318377.1198616077,1.2999072024745217,7.043126691255936,0.5807140086635926,0.6267748879659546,0.8057878676313093,5.92121823323061,416327.56
1012,49.389566395834024,1509.4003723140231,Industrial,214712.71958593186,1.40286255908227,20.177814906319135,0.5766081773341618,0.544508062366948,0.7787862327921325,1.9217181081411865,299334.58
1013,47.230937314487356,1603.205337658492,Commercial,413198.15914378077,0.9082793937294029,27.426428403194354,0.5107417769822856,0.6358692582422408,0.9743753648588942,6.784249748932448,328699.17
1014,2.451627162741042,1829.4966669165472,Mixed,285478.8121851124,1.1160829159721972,12.70894170387205,0.8565403067208563,0.8839687758090056,0.4505911584972754,3.926327016080352,297117.92
1015,35.42597103952658,3144.3330003430897,Residential,102536.556245958,1.0856140638995568,7.024728917353521,0.5609312029500768,0.9264621790892249,0.6861756946268476,6.694436118708925,443129.93
1016,46.29979171207546,1736.8448317769692,Residential,108079.30617307834,1.2812253628348098,19.813661179862972,0.6829156196047903,0.8894463225512859,0.7212351094773285,8.506062217660473,343848.23
1017,9.43847958380301,3690.225347892374,Mixed,291586.6159261783,0.9749072256805505,26.264424344159213,0.9164160963046608,0.8155328890838481,0.9990535194539545,2.540002000036867,505487.33
1018,28.61328891235516,2082.1841893119617,Industrial,471456.5981318776,1.2481756404665934,22.701245232552235,0.8929868982871381,0.7569832562613228,0.44082889951665616,9.377857836230682,374960.69
1019,45.816670730608074,434.9306815187972,Public,188758.45475428944,1.4142424692120417,26.193959685561026,0.9123377630233322,0.8543521446068232,0.6662526139771046,5.776193269561994,211441.2
1020,2.1803259399970427,3940.4232281721256,Industrial,441293.5259866482,1.092692119855536,16.56008545931318,0.4160039971720112,0.6954167746336108,0.5423297153995472,9.306349886565716,556693.39
1021,35.02230322871858,1500.2157905042595,Commercial,393843.0139604957,1.437710989985454,22.804411086706537,0.22798599064645028,0.920654175749851,0.6681250780052999,2.869570739816003,318399.42
1022,15.218775864941263,2220.557710036387,Public,161515.5993081081,1.4952146172534349,5.061872221409158,0.4088534399162634,0.8385950469883927,0.4624900214721741,6.4410639814381385,366130.67
1023,46.25761167113826,3458.6750277873175,Industrial,66353.3367423091,0.8742644349635664,11.099963845532553,0.4229658764965669,0.8489023492472043,0.3333286648992417,4.634984055912442,458942.67
1024,48.5673831356857,1729.035170028689,Mixed,95831.26931407224,0.9631372315894011,12.296925769964151,0.9274882613799744,0.7679679965645356,0.7007958177283822,7.967999720404119,301690.22
1025,47.24119121111498,377.26971511890656,Commercial,377822.2702313481,1.4652658260374651,15.827576641135003,0.7193941862703765,0.9426144921055863,0.5350980211025824,6.453180488919667,194050.08
1026,23.973603724544457,1932.2131303627866,Commercial,139851.38211829102,1.4708293805369708,27.943214447447886,0.26536316768178303,0.6260073668395263,0.42735898122390353,5.450639112624866,380486.26
1027,43.17111122397102,4727.798055202087,Commercial,217071.91422742722,0.868395092770731,26.354600246443056,0.3083028768088809,0.6905738266805254,0.5267548962546236,9.216868657879077,646292.14
1028,42.30519522748598,3244.4985467629353,Public,275764.6247028912,0.8104989502639958,4.9012392763863515,0.32454090043358036,0.8888212848388446,0.3344961410134214,4.394053577545122,423715.05
1029,16.295473425541154,3390.247828469314,Residential,376460.67580257327,0.9127700162794956,6.010899904591433,0.7043373985351387,0.7463744480646688,0.9653095638630722,2.9798218440836335,439762.22
1030,41.53131597045853,3198.1825528244353,Public,100954.05046660642,1.497208948367574,11.37157593807843,0.7883312204056026,0.9446070067120954,0.7068035404812822,6.472910681668825,470286.35
1031,2.3318779184168847,1075.0614809012404,Industrial,232864.88237485767,0.9259997316274808,9.431572110829544,0.887715128452317,0.6731996598814262,0.8703380769429174,6.616255934555324,226528.1
1032,30.015358984861624,2149.835934101173,Residential,268282.8091142129,1.1517833247054163,18.828357641531607,0.9525092406449944,0.6846650844098223,0.5961827382834113,4.951851594146879,348342.04
1033,11.885437445741301,3779.6050119802594,Industrial,293372.17878719285,1.3938924085013578,27.180505385171802,0.36136364590915343,0.9443678946933127,0.93232026729633,5.379490393204441,566722.55
1034,6.468060845975301,596.7271980104798,Residential,418262.2886278475,0.8142811274817445,28.906454708505017,0.44781798777923926,0.7321851600910205,0.6383227550865773,9.6359807286991,235712.37
1035,4.309183480645853,1461.4786028395902,Public,127255.18776944761,1.2231422875809217,19.954485623521567,0.3922583045958645,0.7580622921012434,0.7017617255404686,7.5941712225712115,317460.56
1036,34.966294405967915,1453.9636314826828,Commercial,413524.15332198003,0.993917814208737,25.306616840631513,0.4870092539729102,0.6663818576678397,0.6442557860438598,1.995415763343193,283976.53
1037,17.323810706519275,2216.8927452130793,Mixed,361795.2924634935,1.4036344415078121,16.230863806693115,0.9317320859389995,0.638334971089541,0.813294807107356,2.9091706378354987,357201.05
1038,36.37595519067369,4903.806830616707,Commercial,300141.8663895317,0.9984228044848554,7.041481458941152,0.6600900535514893,0.8279743554191961,0.6966592543214436,9.78018970992003,627435.72
1039,3.7351388695476473,430.7624787507275,Public,364787.54168115737,1.2807290041973363,16.215963950710844,0.7905535178595993,0.559920330770602,0.49011924650627836,7.538189984141781,193317.53
1040,16.10687172261521,2641.6348724649156,Residential,235407.98252824537,1.271953742713178,17.09739544169188,0.5920953889014255,0.9396363205914546,0.4018776719258524,9.23540613530188,428415.36
1041,27.204818972579194,978.8869418598313,Commercial,112278.91368565607,0.9550454842017481,22.53126936219314,0.22308633066889963,0.889601568382554,0.7242870722180843,3.7347531758984984,247176.22
1042,39.6407966595287,4856.315072507747,Public,349594.3581194153,0.8243594399078451,7.376606701513124,0.2513563887982515,0.5953741318529013,0.6424259730829254,7.6768017407793305,615307.24
1043,16.27824889513746,655.1871731645746,Industrial,286102.53800853004,1.0864747016497782,11.68100108051522,0.6303384250143087,0.8470099729122826,0.367182987687279,7.426024376711603,198771.61
1044,31.48162313363195,2077.644911571797,Mixed,337718.660244249,1.0024352063761088,11.556796607222422,0.7750312278560205,0.8013164606428174,0.5769322260552878,3.6522098689543756,317563.85
1045,44.35589853769126,3715.6364256895704,Commercial,202099.4514628205,1.366284424729596,28.82374827649378,0.3722644220229852,0.5922675253683221,0.6603434954003176,5.9573469290563486,559364.25
1046,30.985227815024075,3552.316697334482,Residential,458089.95980292617,1.3602549319187416,13.874403849474849,0.7775276591938434,0.6366017530251162,0.878825263677913,6.646736001432657,508484.66
1047,12.031494000304871,2171.3703207802682,Industrial,314316.4408590096,1.1199167665348377,22.897725051646248,0.8485326187868101,0.7044932518669171,0.3532707390833536,5.330186297447185,357201.55
1048,1.707838687048632,1797.9684229683194,Public,88431.11793089322,1.2245585577262532,22.773530059858732,0.529517982689689,0.8496213676227369,0.543946743772202,8.444608359922114,353794.13
1049,43.56989425809603,2048.300654909066,Mixed,252411.7958169929,1.2229816611908477,8.700781359294,0.7971353862752839,0.819361704408503,0.8758592858972698,8.495821376181905,349472.53
1050,1.5528358370941633,1394.9536894773325,Residential,390360.22463463544,1.3790107038993362,17.58422099178023,0.523223960262768,0.766117423838349,0.7538967522401051,8.65540493471401,316269.24
1051,43.79773279786787,1106.131399663319,Public,407360.55277952255,1.0975016898862382,26.934783906240796,0.742680503564016,0.8842052715570171,0.5029708252626507,8.230812121883465,278314.25
1052,26.682388134346994,2466.894518038561,Public,272568.6737436914,0.9928126758533564,14.780733864251534,0.8111976394556344,0.878968869803083,0.8917345854158496,5.3927512947743015,376363.83
1053,46.98385107638836,1415.815404731276,Commercial,452636.4068740855,0.9855244426983832,28.408407712933837,0.9935412946464888,0.808929577031128,0.6453055063938846,4.432944683341065,282964.02
1054,40.03977017079644,1508.5621579965255,Commercial,170450.7967374339,1.175334595497543,7.219288650400686,0.4763173296508769,0.8934950416924126,0.6488463239173223,8.482386553429336,295170.54
1055,49.8977384714002,3318.1047110253294,Residential,234769.41375721997,1.1144037419125488,3.150614067446891,0.5288326244596893,0.6671316873896046,0.983611137440269,5.411813127006401,454715.98
1056,17.860234864859653,4845.832925329471,Public,454368.60975603655,1.1080845396894554,26.85216232119773,0.3324960475281371,0.9406247641613028,0.9629815522654648,3.217342587651837,649075.7
1057,38.47582030209078,3057.822282740938,Commercial,453315.5224122105,0.8637961373627951,25.58275474090428,0.3632584467214455,0.8074550429009704,0.5509728783588907,5.5660917908999465,458104.48
1058,20.395580223657486,477.19938861833475,Mixed,358570.7459711064,1.303022618483137,29.785106402081496,0.7547160020787023,0.9111817569062153,0.3984053900641576,2.276648397273179,199155.5
1059,24.253843205043488,470.3597078849282,Mixed,436541.2462049991,0.9496156815873376,20.702411155260357,0.9336364721235808,0.773139552395142,0.5279667125946659,7.22466541538919,184607.51
1060,31.56152042930932,4761.973782143274,Public,89947.97013030469,0.937867541146105,28.163949873347335,0.5156839613289925,0.6092191224943402,0.3213382822179716,4.023291534615157,620505.65
1061,43.74701715222377,1556.7248725059349,Commercial,439247.7392934993,1.0889308241941755,24.981521727439215,0.343875557468433,0.7712050643391544,0.3145375206972738,3.3459291860270888,302804.67
1062,49.21213172536511,551.1282318041297,Residential,194278.95794760203,0.959444839132461,25.48836366048252,0.4280795995063953,0.685555831888294,0.5768654953759934,9.608578716112705,230810.98
1063,38.52953398629365,3035.31847703687,Residential,130249.18059269735,1.2087007871156108,17.50510554317378,0.5640413638465109,0.8487495180185473,0.9587138758880638,7.991928961824769,471199.27
1064,21.17945571728302,3155.879013622304,Residential,157716.42635392083,1.06002433753413,12.088573339584615,0.4325202634922947,0.737896895867368,0.9099501388625453,8.083625524515384,468409.03
1065,21.357171612714975,3277.673618581572,Mixed,238085.82860624918,1.1142382058149531,28.102184103755175,0.38686326649749303,0.9180564024638438,0.6580099837423361,6.613497723512651,504314.5
1066,37.01032392865013,1410.2699365019523,Commercial,163036.40207201027,1.1760185251228203,13.53139809286094,0.7887875910056636,0.8390362561609583,0.6956584668195814,8.552555294592674,289909.14
1067,12.319468715530965,174.04235265092768,Commercial,194255.41370742457,0.9424748657372635,16.625761650240403,0.20627593699249858,0.842272216515662,0.3041534477222395,7.832462330470431,166845.25
1068,5.9684686000040355,4828.575310326912,Mixed,110740.31873223894,0.9090261360058709,13.937314906630444,0.6313844218691865,0.6085776667455325,0.45085080908363584,6.388963337202549,608199.71
1069,18.05379680321844,1329.3759238864022,Residential,183279.54450154933,1.4162953320115235,17.379731104845717,0.8350134456238032,0.9921248832456452,0.3173418888540686,9.650119616665457,298073.73
1070,14.718330086877046,3412.528811457483,Residential,307527.71654390055,1.1036065919819946,14.644647290777488,0.4129826290539746,0.9208376046357444,0.8281776728867711,2.724354547159807,473521.32
1071,15.167251962571509,3562.486362405677,Public,248834.16864097878,1.0884655267427774,2.3910591988048004,0.6826332084896138,0.8945024422803474,0.40195205721854843,9.49041747095276,480472.54
1072,12.063583676970541,3089.03634368948,Industrial,206023.44255616004,0.824928505190989,26.57939739422326,0.7351200844948942,0.6651076125800137,0.9083329717337718,4.612943457989784,452489.14
1073,2.583612886999913,1633.2462316468764,Commercial,385903.4579857013,1.1485834118111753,13.887420748557323,0.7240197571240721,0.7678158264236159,0.7503270195730517,5.7555908506133795,300588.14
1074,1.3847597693039835,1428.3716434439223,Commercial,452079.4871269931,1.1879188051277,18.079365806713113,0.5566797073589742,0.5685515940371644,0.4605930735609993,2.1046538758987805,271431.37
1075,49.39225829193356,3028.574585243245,Commercial,390555.15030607866,1.1911886096682665,5.036446279981624,0.4772623903006234,0.7692379883313529,0.4104042219582748,5.860966950296119,425702.8
1076,21.674770119925185,4343.868604697288,Industrial,199400.31595295563,1.294921818526019,1.098247591496535,0.8687392584222509,0.5729446232416436,0.7393372906461371,6.500860766723741,552565.27
1077,19.524169034404242,4738.995271724639,Public,384998.97552689916,0.9242372844937082,8.113412715665646,0.8067567655998915,0.7765189219948005,0.9305858861976264,9.979313876276716,610647.29
1078,34.14254049330696,618.9384415784124,Industrial,118391.08211332305,0.9765561939614332,21.432994931867157,0.45700413873113005,0.8243609400774528,0.8028521532400672,9.776731699643738,234820.96
1079,11.303567449320676,858.6602017288272,Residential,108643.09464108091,1.367511325661289,3.8766413732734795,0.2824153555537649,0.6950979836249511,0.5439826561223643,9.697575626868586,242889.7
1080,47.523078605536156,4729.20766803709,Residential,205532.1666662715,1.4630194317903757,27.35773577120757,0.25744603635637536,0.7492724391656467,0.711168516688053,4.135492540918516,657977.18
1081,39.42407821356983,3709.0226188404836,Commercial,413466.06606982567,0.8951529231571245,7.2356545113293524,0.27542078231914885,0.937826693837293,0.5175331867606949,9.92139848870539,511844.09
1082,4.925844614456846,4426.669741665888,Mixed,160856.71125903586,1.1483546881536528,6.933214814461499,0.6662954889536343,0.5542815723514047,0.9994046967450612,5.099303364355998,569446.79
1083,21.170248401353955,1092.8999072631814,Commercial,78464.03400440581,0.9499233769177109,6.26373088702337,0.24132974066319177,0.8958664464998265,0.8241874319232958,8.666526328857104,251889.92
1084,44.016356224327154,2979.170768436069,Mixed,109269.29084285979,0.8420512178484878,1.4054696761695777,0.46954149997123074,0.5853772754980981,0.7300671478297276,2.946879721170748,388086.46
1085,47.26423510342481,3535.584012645621,Industrial,436435.2358383111,1.0278523366882948,23.382358585868804,0.8025597615313835,0.5183539914023142,0.5962813999360804,5.552498616909421,497348.68
1086,23.636374806868552,3432.548238690166,Residential,335202.47813627945,0.900581337628949,26.376001406112497,0.4354785332123025,0.5927873013725239,0.73270660318169,9.694108865148449,521104.78
1087,30.86386376593003,2099.943285246821,Mixed,163940.52351648948,1.2969531514039723,18.81071837586977,0.8106464617441038,0.8825215949852449,0.5391312437271343,9.523282572310848,376557.97
1088,8.768180331557724,175.43496928741155,Industrial,299883.1213976816,1.1736077895700112,6.457799468716006,0.7963736305656444,0.70256303666843,0.3202053876206215,7.15361390039284,137425.84
1089,49.56284699378034,2956.3376783408894,Residential,287410.83009140764,0.9006841296932176,9.273061911285513,0.3966617061065731,0.936260258423091,0.576561965649643,8.18032890297754,429771.0
1090,11.967749218480447,1340.1975419800829,Mixed,344946.19029829756,0.8064691118838601,14.801874223583935,0.7830577440741964,0.762353770591133,0.9513365737059067,2.5878402694216125,242424.94
1091,47.16522281968872,2306.2458061001626,Commercial,154934.39948972734,1.365709934316949,28.676032597075725,0.7982213106176805,0.5111251759631654,0.7384107663417061,7.494926945357417,414565.42
1092,32.65750912512224,4792.146973910705,Commercial,438981.344237479,0.9233360843149733,8.173189782714541,0.5179631405336216,0.8583568048009633,0.3587689921496311,6.5624572750183505,596188.46
1093,30.582971346503527,2055.27305644793,Commercial,189215.85293600577,1.2243516495545363,22.217731213676753,0.3683363869932146,0.5551164543606164,0.9194955293765181,1.8239656217612148,357647.29
1094,25.878081295317173,4215.027872655691,Industrial,362359.2442893066,1.035845339153722,13.74399847549469,0.6170166455134953,0.8946898167309623,0.4882123945390604,2.0184310593070864,532136.7
1095,11.918155680029056,1023.8489681713305,Commercial,57256.0908674967,1.2098401568205248,9.637573102440632,0.9371180704001572,0.58405127490259,0.4706386451579092,1.975992559761357,203329.59
1096,9.238137584272659,3395.0564403226413,Public,217695.70845236626,1.0209575388876269,14.2215621736413,0.7116933859456496,0.6727231929027567,0.5079636781462246,7.519212413468521,475393.69
1097,11.41406734897368,4887.334076750823,Residential,208269.41808146372,0.860857692484578,3.0649948086957437,0.338337998101809,0.8806357148126802,0.7040415652881702,2.275436874228152,583223.86
1098,9.7286939761406,599.2761942773902,Industrial,294567.9928623565,0.9560650059904275,24.16193375698051,0.7462055397868159,0.9771156787382108,0.6812816654037837,5.209590440030234,203343.11
1099,39.08943144155429,140.76771691324086,Commercial,82731.31779973842,0.9316409965353529,8.055755911506047,0.5417624218254677,0.6857169753233662,0.6439896282360171,4.2128362528998196,124472.04
1100,17.83120032875314,2224.5556838998104,Residential,405559.11817674874,1.0996135467077508,22.03695157259614,0.6732230378842985,0.9147001100994678,0.802275804458839,5.95453726693196,377138.41
1101,3.36321248988812,553.8648669516992,Mixed,148001.36079540584,1.26079864839831,2.982102771997647,0.7872512280184865,0.5953961327379194,0.5215764119344712,7.3582883849746255,177999.78
1102,48.470580191970164,3767.0833134135337,Commercial,354667.0166969046,0.9846642524624503,28.697858128804896,0.6119578812115558,0.9035898851012456,0.8474451651007018,7.162502834991988,547757.5
1103,44.24740130568957,4581.288452857939,Residential,411445.45545984193,0.8084489547104327,6.597434576765259,0.851187179658647,0.8287470296281255,0.42272517486501937,5.63967924322939,552883.73
1104,46.42373801816304,2226.7027662729183,Public,302844.63030868093,1.16325615498533,26.599520210005334,0.7777244634533023,0.5963717536061842,0.8478345523539064,5.17901386249347,383561.17
1105,49.747937220998544,1367.6870465616607,Mixed,383397.44302489347,1.2240316425512805,24.4747230788476,0.6920586720148085,0.6512519801757057,0.7646670736751979,4.580340356100328,294378.0
1106,9.107814836364621,2228.576263132388,Public,347837.14049675246,1.4740093458012669,29.06793779836106,0.3206342526658812,0.565885444298518,0.7782458166833105,8.757189534739414,434427.14
1107,20.11397993568161,3644.894307465005,Residential,209988.40871840343,1.2126295621652727,14.85882916742674,0.8687592887292548,0.6914835055321567,0.637087377989082,3.977666243853805,491414.72
1108,38.03280454735252,144.36539174381778,Public,413986.34256510437,1.1298207915646994,22.094521521532595,0.9487244682558529,0.6018243205616387,0.7669010728766052,3.3342923905074535,148672.81
1109,34.953020593662714,2988.3245484750164,Residential,182615.6164484876,1.2013811381283928,11.750609054095737,0.3095720990474359,0.8219989768152367,0.3558579325916202,7.6898394428974415,448684.53
1110,8.117847363822825,3105.1292559481576,Residential,307045.81298818276,1.4495304409034189,6.346678902571121,0.5905929035467445,0.9972525521102793,0.8960857819345571,4.237871155270538,447080.44
1111,40.88373968703558,3224.672409790084,Public,385428.98261369276,1.3798647019211523,13.849202055070016,0.4071109935764036,0.5060045815421321,0.3388830634413522,8.622987397815416,486853.09
1112,11.609808305914703,1285.9081919062983,Residential,220530.1594156284,1.0260851133546656,5.8067214462651915,0.8036186459404517,0.7704599066436493,0.40411905691004824,3.9509984677343026,225242.18
1113,11.578971933719842,3598.858344552821,Commercial,186245.42342784128,0.9660780545599961,29.479294060805135,0.77730370880376,0.7868332987745048,0.7037527959480654,7.317503421171294,524494.98
1114,27.080233933223973,547.8182830257044,Residential,256705.70457777023,0.9838435286562516,3.791148243080775,0.312708096456319,0.9571043948404059,0.817588018819684,1.4059810565680249,155572.82
1115,29.850526774664306,1076.424648687324,Industrial,418083.5724571191,1.1530947278006491,18.087139980125993,0.9016218170093098,0.7530026673834688,0.35337609504237744,4.47006592099288,233855.86
1116,29.21426728797165,4399.603228606961,Residential,468464.79341554915,1.3208346158600044,19.167451802367623,0.3447784511824018,0.7718507098224587,0.9445353698856238,4.089071574707964,603341.19
1117,5.028598451188866,3719.743438560175,Industrial,295287.53578695055,1.1522534450280735,16.60430674334757,0.8378072205184861,0.7358264006641944,0.9815253541604889,8.35010865348331,529041.98
1118,43.934312700203826,167.35321465559173,Residential,347659.7923956433,0.8474574770796789,20.203390685643175,0.565584287702404,0.6344521522807407,0.7241651211053977,9.70349862905479,175569.54
1119,13.64720210814095,1317.043675812021,Residential,456473.13000751135,1.3065064903079866,4.369242475344837,0.462617834846521,0.5280145666244569,0.6368704187637855,5.147931490236653,260365.3
1120,6.910988603498806,1150.5917666665064,Public,94346.08313582407,1.3641790900696678,17.09553720195344,0.3265914101393708,0.704328841104918,0.8189764805958248,8.423526494383822,296162.07
1121,44.49302995351437,1426.9510073811657,Commercial,154435.36003977427,1.0026485055838037,9.329164562693485,0.3340914049173035,0.5262957356203393,0.5298501466290437,7.297252308616286,278547.67
1122,47.804749162372794,1313.0428743714433,Commercial,369005.0028132121,1.2648880174983452,28.265105835730644,0.7295124437607203,0.775246234732959,0.6452851038735745,9.706473888973239,320654.78
1123,43.175317054639805,406.3788491399441,Mixed,420685.0078605348,1.0986143307380754,23.100077949752045,0.6403443103576965,0.6536468216211466,0.9413057187700808,8.299976629085423,212900.43
1124,40.57104569888146,2348.8085313244196,Public,435663.06274876004,1.42238354900921,29.202919982632537,0.2976683373209862,0.7668012007627139,0.9689587976690734,1.6973025936735748,413361.82
1125,32.93447804163158,3690.3940264522093,Public,236798.22958471967,1.3916578907125179,2.089126022465497,0.29015828835066015,0.5671484821975934,0.9489483812358295,7.419535501440126,520180.43
1126,27.767439845152396,3072.9854511154385,Commercial,90202.95603134007,1.1678023988167496,9.268862080240552,0.2578484598182332,0.9663149828696798,0.4837136468746881,5.8194974388013625,445258.27
1127,4.805844615614802,3397.071176130591,Public,247001.66478482896,1.2840538820695162,6.667255012512121,0.7950138778988354,0.9472606217749675,0.46272832815173437,1.1479245213909444,438392.48
1128,20.718434046999587,497.63097482757183,Commercial,153830.5655931742,1.418344790715473,1.3234830320430846,0.7695056681834314,0.5949982546011423,0.50836515415052,3.261816628528993,156718.1
1129,18.948081592109542,4762.304479866258,Public,181038.40474848088,1.147001907054793,8.027446177143322,0.24674479268366012,0.6717221416470049,0.6089177786719221,9.295797205242037,630897.87
1130,13.357812296136148,4208.609985830822,Residential,397520.40057687764,1.0192755183421753,20.684503522092438,0.6482160604775784,0.8067463859259898,0.5199171889543744,9.334552355080776,580818.71
1131,36.30929562758495,4044.9425606287473,Commercial,83987.1887116491,1.3275662965367068,7.701578741902488,0.26774092419415196,0.5478431036529532,0.5619489570173406,8.189654141805711,560435.01
1132,25.045848886399156,4132.620644704661,Commercial,422411.54786631593,0.9540463783492843,15.761099918995928,0.9229966164871535,0.6772839105580755,0.7344458664845317,9.836016429501905,558676.46
1133,4.511787687428573,4670.28148985053,Industrial,242451.08862087608,1.0719718036042294,26.746725333984962,0.925693935344106,0.625556143409503,0.8337679739657831,8.258907021617844,634317.35
1134,11.39906849651566,2766.844433957119,Public,318228.7689952678,1.4060090659747555,21.118979690123183,0.758586391850504,0.9577583643583483,0.8148907387875419,1.0918376855672067,418232.79
1135,34.321308801149996,1081.3818875513668,Public,90343.50405605555,1.3070956381885206,12.444243027274927,0.94095113715156,0.9262553181446026,0.8700964969554064,3.590509062713606,235510.67
1136,4.268477544769859,3122.239678477452,Commercial,201811.58526077584,1.0826677036732495,11.80159922845114,0.8491624243309526,0.7899163706334319,0.32252908225078153,1.2756176401398658,407313.1
1137,42.63474224541405,3740.119318972901,Residential,90365.4135566806,0.9503211516858502,14.216338606246056,0.8628308607416395,0.7601731684357871,0.33341365277512924,1.846971718638035,469984.22
1138,25.00975308719173,3715.7952274347244,Residential,482694.6752964993,1.0491778735825656,6.1342017907372846,0.6557662804559465,0.9653628972726986,0.8525680724820406,2.9695673525569846,478537.82
1139,24.289035577669075,2655.1002184177123,Residential,413267.7421968127,0.9988729044592031,19.386022255063654,0.4448473585729407,0.9662138914894076,0.6731551756272423,5.532026916929702,412025.83
1140,29.82418534064612,435.44772473453247,Public,256834.73946040712,0.9232625015606978,11.56043175403356,0.3742392920931373,0.9846650626758302,0.7046984716334842,8.62778803115816,188836.72
1141,41.321707813294886,1918.4533983076265,Industrial,150621.146745652,1.3203330394959596,25.718595128599265,0.4617600176311434,0.5626894420540938,0.3368108021500639,8.757700805413972,375980.08
1142,17.716555791158555,4611.756381470451,Commercial,470054.7973624335,0.9764489207951201,22.940027141676673,0.7027963440712497,0.5802789053815851,0.4787196608198896,6.545816727015668,607106.36
1143,34.061799551673644,2963.7996578113875,Mixed,205068.46807713728,1.1179172291174346,18.70488175867264,0.33812522866591915,0.8383683493399433,0.7468480134198343,9.353583451596116,471259.6
1144,28.503732217791658,2737.826521952996,Industrial,122442.99425931864,1.0701016127852765,11.561864456835966,0.4069121893098573,0.7707172383049224,0.9014273230774732,5.500560939311873,413739.83
1145,13.717899373386356,1417.3822204727483,Mixed,303423.97480427974,1.4874541650449415,7.088023118531048,0.5744486902363716,0.5092329524466179,0.9418883780269818,9.001324397198815,306898.88
1146,43.99218432458032,1905.3997075912366,Industrial,474698.35415516724,1.0737645709037544,23.508404059063064,0.38644007881969245,0.5309875179947596,0.6502936470845572,5.086587306988109,348102.21
1147,39.972588069542944,4487.195836850529,Residential,51723.63072514516,0.8559877379577284,15.105863870741508,0.6709149357728493,0.9440401911294025,0.6818319629167383,3.4950250667969405,562708.18
1148,33.093365815592065,3365.668932881495,Public,157156.17946429944,0.8628780268004589,7.517751107143368,0.938540822765064,0.9344353977696931,0.8831347417482935,9.247716262903849,460495.36
1149,42.60379559016497,3958.196431086431,Mixed,472301.43818468344,1.2135276049471453,6.66006383616018,0.7984714925625012,0.6786354609980225,0.6763372205231482,4.491415681109824,511872.8
1150,43.43106294751022,2326.29257303151,Industrial,126988.68508572291,1.219554486216786,5.796626230539411,0.7331412913191304,0.9455253084652673,0.6618009678761221,5.530636979600155,354092.35
1151,35.563967347394225,3188.2113753351737,Public,100959.55323791894,1.0931312933378585,23.537674689962255,0.666177180787023,0.7968375371989509,0.9335588264326675,3.959745692776095,469050.48
1152,41.932159754001766,1317.079682841717,Mixed,306584.247109912,1.1022905846184208,7.640628373709039,0.5903583274056519,0.9029528235094509,0.852952904739116,6.965538402616568,266298.04
1153,35.02483735262954,3556.758068389083,Commercial,437829.72048267344,0.8377528079886098,16.27262564223073,0.3492510877077278,0.7137155355801071,0.9363507684529062,9.955281025054319,518143.18
1154,34.16696820213487,2195.246535146353,Industrial,264699.4179622668,1.1615825572724836,14.094844468218637,0.9157683643414924,0.5566991636724543,0.45277293834680765,1.2296219397829269,323527.61
1155,31.121263221651624,2268.4730225922535,Commercial,497553.91550803615,1.1533176327662462,17.808716077620232,0.39882880161026907,0.7168635313230081,0.6670628406587497,9.098632054063913,397010.73
1156,37.75947365810324,3281.67939042672,Residential,355627.2647920968,0.9046845229898612,26.437492110764634,0.27304710206252863,0.7286498989984489,0.8897304900153504,1.0353345129033886,471071.94
1157,8.350952712007148,4687.775045197741,Commercial,83333.70824470148,0.8726875702776493,26.164674312370188,0.8000121433829561,0.7754720969203015,0.3778034792269762,4.278050930315899,599687.61
1158,44.103102580346956,413.6310983822425,Commercial,496774.4592568889,0.8865007434196434,14.08120608292093,0.34049242746493313,0.552791356452214,0.8562635080057732,2.5174612566056287,163369.8
1159,43.65625462338898,4141.241863000338,Industrial,233552.4065510857,0.870719772543881,1.445621271306976,0.4975167996329408,0.9957009315248058,0.4280813683904086,7.816076026052961,523275.59
1160,1.9477405102106777,1532.6772410197464,Residential,179331.14023046714,1.2267957368757318,13.366870365714792,0.2226279426327838,0.6220684104034532,0.8656831284897248,1.4554975668145613,289254.8
1161,41.37792915295575,2275.205327081251,Commercial,301045.6326100485,0.937537856682043,18.579612585300072,0.30965435403235847,0.5992762017685465,0.7284006562898077,5.981364582258951,376758.5
1162,6.8790584399355375,207.37531099754386,Public,186938.41631938893,0.9760011065312244,17.17517801384379,0.3385629046079297,0.7634014594279683,0.435265194039407,3.654335204607814,150708.68
1163,17.088383285827526,1575.1257813881339,Mixed,88905.87820406855,0.9215005009060079,19.88874706820596,0.24352810220014237,0.7686040896974443,0.6313479255329608,2.203032239782319,289699.58
1164,37.30365868643459,2562.8930888876394,Commercial,50642.75438562952,1.4704847131139522,5.468196241719421,0.7253255652982762,0.7199103689166222,0.7773336165225401,7.946363908923767,404275.51
1165,8.457614854391256,375.26277900245117,Residential,252312.50881411805,1.3982322242062848,19.749517864641245,0.8696062366424939,0.8859460731626272,0.7436970306184796,2.9567515082973106,180507.46
1166,40.98936769389358,2506.3690739775093,Commercial,426588.5400019665,0.9613463861460647,6.2968969435693944,0.4986523250927528,0.7583272003643013,0.5990730373621931,3.01307690849445,353405.54
1167,41.690641808908225,4642.842081406294,Mixed,307541.83353353443,1.0292964057454883,22.76519544020572,0.8996611813745605,0.8048477275724921,0.9295565702446489,3.475691066241307,600271.49
1168,25.61965282116139,616.4267687282456,Residential,499643.2845245484,0.946924989613498,10.83354078461772,0.3706772596481012,0.8618731927038927,0.663484390141491,6.2809008744522465,194228.11
1169,0.8161006499832621,3845.7595675699713,Industrial,179080.99054123997,1.1443131716225765,21.586967568062153,0.4603123388489916,0.5125125507819333,0.6541071089700818,6.936993385216734,548929.6
1170,14.708387592158182,2107.388161542364,Residential,176204.7791420249,0.8137273727319776,2.3881023682771056,0.32058959442493473,0.7853220912725224,0.34357541295901795,1.1584227133121048,289255.91
1171,31.03788245959924,3310.3512011692565,Industrial,121887.2571052749,1.269957606227757,12.827940742136489,0.6964473563351989,0.9420972356141846,0.9454842728583459,3.176826725024113,464090.3
1172,49.06871581235746,1375.159330127624,Residential,123828.61471940084,1.1662107048723491,21.44600114563665,0.5358956726962455,0.508694371462717,0.4239815980748611,4.878737582547545,285518.19
1173,31.774769587325085,881.5120864526556,Mixed,178333.96820452152,1.4290472498107722,7.57924497361333,0.690626677473519,0.7025910519004805,0.669841285405588,3.987792569451098,217389.08
1174,13.36027726267591,886.2668099290095,Mixed,406778.0203730872,0.9150748790298899,24.063324299119454,0.809339924315347,0.9631137251029149,0.8624973209802171,8.957535926597973,250269.61
1175,31.88328230343076,445.4105336514088,Residential,457590.55578640156,1.3628764722427922,19.292612260043025,0.6365624128263587,0.676577201141269,0.4508172938689503,8.089378577977769,211650.89
1176,27.229276295934845,1009.6688540160908,Commercial,488789.22636845656,1.3543727101267011,18.03929139234415,0.7021042839214304,0.7293644121001204,0.6691613029795888,6.633011939849448,260259.1
1177,39.10234705998161,3354.6749864459443,Mixed,154530.3443434037,0.8890268324518209,11.252916771925777,0.9482002515154664,0.9907706965221563,0.4684794364563386,4.042381743973358,433573.25
1178,5.795541621934441,4420.283998033189,Industrial,446583.8955263413,1.0789914569008894,14.99109264105241,0.4392514476870745,0.599661929475287,0.8317864984599381,7.306051103615438,595956.39
1179,38.17088117385039,4089.215859396693,Industrial,197714.79017480166,0.9191068488011619,18.32312972835774,0.4873311509071625,0.532627594562503,0.6950388175112054,8.59274211561215,563774.69
1180,27.292695644467457,3457.158118384972,Public,100778.24503259799,0.9783043503202843,14.701401303531823,0.7741626893674696,0.9297112954306521,0.8991831022766004,6.35347339623088,480559.5
1181,48.168104191020234,641.1161307144031,Industrial,441511.21648407454,0.9842723223813811,21.251086394276243,0.6890444136443095,0.9342326706061843,0.9261906020141679,8.060153202040413,223998.47
1182,17.42267221891496,1517.0184868501542,Public,336247.5355896284,1.189365475818041,13.577211060101828,0.3428263236317719,0.7360389173400066,0.7541134377117786,7.741944652597731,311838.27
1183,31.81478371013043,1618.053689080098,Residential,124128.90323647778,1.087987652232326,6.8659222705188805,0.5009178480083922,0.7571035872386431,0.8077738723112611,6.1456358004429,291798.6
1184,46.63539122274587,1324.789037348344,Residential,243424.06588085115,1.4634129628044137,7.20407970123037,0.574270410499772,0.9179031848089181,0.6844540699208046,3.8096489513935987,265573.97
1185,5.574231535538623,2623.5277325776433,Residential,179265.96269468043,0.8884590993629036,1.1683092964452917,0.5355118703747115,0.8692797490578976,0.569100113147168,7.712039422011446,372983.96
1186,46.89281011820433,2724.213692910396,Commercial,381557.55591958866,1.4815844943951393,9.727773751201502,0.3426198466576327,0.6325745011085053,0.7536825461145842,2.861167297218458,415075.32
1187,34.55034325389026,1848.74127833844,Commercial,254037.30378092063,0.9614470481499848,22.71861157387707,0.9395440734274099,0.5084466775357592,0.9358020364411301,8.015395118243804,339003.5
1188,3.8579344257060093,1833.5668778085364,Public,495175.9752978732,1.3410117554672971,24.030718556290676,0.8098550093551806,0.7398500812667729,0.5916762663020065,8.240920229282796,357213.47
1189,15.397696563867404,4159.922429739799,Industrial,74635.2420168178,1.037278948320975,6.871558720776751,0.5850846656862818,0.9294561630478206,0.5200870184616567,8.399303916133357,546444.93
1190,35.554518387941435,3967.5349567664593,Industrial,209756.869761311,0.9001569767921198,28.812275909270824,0.7440488226454693,0.9479173383450811,0.5719058569868019,5.256243738806118,544785.58
1191,3.833854772704199,1608.1995752356536,Residential,266855.07519948983,1.400522429672368,15.569681010923675,0.9178261377084176,0.9781130985380769,0.6047783411481197,2.732326909933795,290205.71
1192,29.317437778725527,4577.56337497897,Mixed,276410.0996367439,1.0162026294655242,27.592383721536578,0.308939313889257,0.9397816188063906,0.3514927202844013,1.8975124005946187,601012.97
1193,17.62121131917136,4768.793583312279,Commercial,192171.12007353656,1.2611987829587896,21.4961931739873,0.40029844056558217,0.7900217776490492,0.648909288304496,7.690251254391318,652349.29
1194,31.235318129490118,1701.0384559472,Commercial,378158.1120939056,1.1965105795606386,21.95056926764998,0.634160997805316,0.7223027996180504,0.6460199736350417,8.976352460768318,342628.52
1195,2.764230673719386,1836.6822490859688,Residential,443636.1830700386,1.130229416573612,3.466265017876063,0.839208297081887,0.8874249232670495,0.7119106793483662,6.85754522953216,300463.57
1196,43.64107190454263,2577.607351767598,Commercial,472423.6858900384,1.1470736308539773,7.37974268001099,0.22900391635322193,0.8699108171827983,0.553974021329932,2.2974405434953264,375583.15
1197,48.68770397428115,4711.491981415,Residential,412292.0195597868,1.3125665398646014,1.2556301655397064,0.9872145201570885,0.7690717150407271,0.7291753171689128,9.414068036658167,601348.79
1198,48.45945383664173,4393.965222397326,Public,432761.0887879697,0.8614410398864084,21.767701573825388,0.5639252823059178,0.5436636862792346,0.914751417191942,9.901918130853876,606914.06
1199,37.60776567127478,602.58301665959,Industrial,297745.38527899794,1.2677264633705336,10.98871036442679,0.4873849124973784,0.9630406733934593,0.968829693346615,4.900407489414297,204888.14
1200,6.939268886466283,2024.3806420299395,Mixed,421649.7018920666,1.4270684709790051,23.812922966214057,0.43417955027181754,0.7278012687508311,0.7085285512987347,6.353427603463941,384337.28
1201,38.03402819848662,2811.518829773882,Industrial,186576.7591165785,0.8404517379139049,10.829150378173761,0.33948536612069735,0.6816668909581322,0.32981366777921917,7.99505668001492,411223.76
1202,1.7170523647106748,2565.3491155025463,Industrial,229315.44294914647,0.8984573374635667,24.76067881666697,0.8332591271440224,0.8147836975843858,0.9784651980869763,7.627508110450402,413691.76
1203,1.595115800685364,1049.9290328907741,Public,192610.85621834494,1.3016423556914218,4.790249358701077,0.9643313317968774,0.8369189805834885,0.7941034426273793,9.710084727401043,245158.21
1204,16.518705847902293,4308.202178723958,Commercial,260324.30095156643,1.1060971537712323,6.027821545967738,0.5309158038763186,0.6053439585151508,0.5351745539875564,2.0339478197091,533129.36
1205,24.687837925030955,3417.009836684503,Mixed,178510.82730738638,1.0824840345695819,10.885419647934159,0.961936555802765,0.9184694224049781,0.40301039067460637,6.226523795285251,457941.88
1206,38.63516718148576,4205.751036773838,Commercial,482725.1490145011,0.8958766441809651,12.846134277585927,0.8590380923480274,0.644968546831189,0.40039302856539244,7.227382777057829,539458.4
1207,34.323121142022,4307.944968812414,Industrial,190780.08260255065,1.1547390285024517,11.112381514446373,0.5848409019810547,0.5933419629571584,0.4174210842977219,9.010885817689031,576614.85
1208,22.572183965649042,3766.943682962125,Residential,94120.04214992293,0.8885817178374641,23.145763943173375,0.7392209433009063,0.7031999264272487,0.3319007651296742,8.866986649463357,526215.33
1209,14.04451998094246,2252.131946123615,Industrial,287067.724722686,1.1336343194173784,3.8115903861747267,0.5479873433363704,0.8652800404487326,0.9315079320570381,9.801998142051609,370732.12
1210,49.8576627578067,3091.6790995755805,Commercial,75694.58530032936,1.3345307092731598,11.185293569516153,0.646978726570042,0.9827290892199017,0.6785377629791354,5.6087060854391115,450480.57
1211,21.59597446068066,885.7904899867415,Industrial,99744.42483886123,0.9807850505210145,25.27995998594832,0.24643706961480305,0.9046406321857166,0.789971588899686,8.476847801319039,268966.39
1212,22.843657704318936,3400.862545627048,Residential,148725.2251383108,1.1365503177258092,2.9371152406029877,0.7570107802404265,0.9701741888350959,0.8796759564878152,4.84553537314595,451910.25
1213,8.599379148987625,978.3409531224756,Public,258957.61244696376,1.494411178577785,28.327961722469365,0.24225971558730938,0.5703029020382634,0.8540787044332401,4.80082490070429,293035.36
1214,39.843072663121504,3500.352993499768,Commercial,244962.91953906254,1.2806552963478262,29.603188425888373,0.8536679575357196,0.5355883994318384,0.917823936610189,3.280135280255731,512426.07
1215,34.83727017618369,1225.0309876944464,Industrial,409861.33790125605,1.388949739913639,3.5684770409273225,0.8599575435684461,0.7788523809533356,0.9770782357674663,8.364135583173068,264666.37
1216,11.42809583304364,676.0013707360779,Commercial,382763.594247851,1.090393324592382,9.446903145416371,0.3896618300449717,0.6451487415220172,0.6073494303193576,9.87233595232164,220839.19
1217,4.577861757984214,909.8940017004915,Public,241843.2322958156,1.3375026461880988,11.799619315025328,0.4589302248286402,0.9140274864846365,0.9652348266678734,3.307075555125321,233531.66
1218,34.1847154526983,109.7614625734443,Industrial,200166.89340903345,0.8283564210589254,23.515349690929057,0.5850483028466347,0.835993935701163,0.8063029638399715,1.505184292189651,135535.57
1219,32.8983051069162,3621.824127482298,Industrial,192410.95282767437,0.8860378277795715,18.281877551385282,0.6773303255459853,0.9853640819928973,0.34946773321565494,8.339881936771066,501435.39
1220,14.026346586411362,3688.7651403860577,Commercial,398297.78928230406,0.9421494150440435,19.686605314284453,0.4298829293935974,0.627396177865652,0.7772481848486417,6.582070472812806,520928.44
1221,47.56774633139531,2623.1734145749715,Commercial,73432.58279957139,1.0813663472306536,22.967784861736675,0.67398912370554,0.7428920571776162,0.780701661723394,9.637289204959039,435906.34
1222,7.977365643154561,890.6777251713801,Residential,55769.74227977262,1.3920214148280343,4.421390983673746,0.4382296585834391,0.7506202387126766,0.9341023946547689,3.2701529716925704,219396.59
1223,21.900572651608794,509.41625380237974,Public,407994.97636699164,1.0423862355515514,25.16307425039761,0.24439257685684856,0.6195883974286881,0.5610524927290644,1.6392489220115296,195483.18
1224,47.20898804829614,193.73193554270637,Residential,264715.8691950722,1.258234835460824,21.462974321224177,0.20202203986552716,0.7950466997440039,0.7094380501902724,5.431980347798514,190506.51
1225,21.276502187843054,912.1660671295815,Industrial,108896.5123491092,1.2965200063624385,17.742910030694738,0.2809208463347429,0.7216429930396198,0.30853128570821975,1.7691942066863273,228117.33
1226,32.10703440937223,4465.192121417419,Commercial,156004.67056752555,1.210327647861839,26.802324708708642,0.8338005601312146,0.7233607779949368,0.5324526695269352,3.3561100099243673,593051.03
1227,20.180922699158316,1283.5305243382406,Industrial,469626.77889382216,1.0500693777190953,21.308884262630407,0.9691450499066698,0.6813683239862418,0.3435706083111466,2.1338007473725145,241952.0
1228,14.073652516259166,1835.9295033643568,Industrial,436776.33903120406,1.203937339199481,6.849298916299737,0.5415729594249754,0.5084646762127676,0.6653110809354279,3.0171896169407084,299637.86
1229,49.206893574011495,616.1928739585326,Mixed,369403.27260078763,1.0395859149528224,13.462616051194335,0.6101471627599542,0.7610476184573944,0.8722133553548672,1.9553018753925266,179461.44
1230,20.762033312594628,1189.5703932660344,Mixed,267001.35365179693,0.8587116169864085,15.327243141136265,0.3174785352587409,0.6676239178501655,0.44450988449034823,9.585153994845568,269844.86
1231,44.757910582117155,2644.200396823005,Industrial,284145.6317861236,1.49496278473021,2.6013111757617637,0.6408250821441257,0.5006599344921648,0.6692087318904449,3.5070644210476196,386073.21
1232,11.882752991608767,3077.9881471686977,Commercial,488860.04087778134,0.8890277175427577,28.684487887441616,0.3157239216055815,0.653971853830966,0.4428060455575369,4.995078273933089,463985.78
1233,11.048682849241624,1302.2263394144343,Industrial,484596.69974792923,0.8506438686852402,4.728740563109476,0.6889714649590641,0.6393141665448785,0.3844819274923683,9.087506268708001,244672.12
1234,2.0411371027833125,382.8875802030743,Mixed,146871.07060362544,1.4149715244450092,21.226376749575078,0.9466069340646832,0.6967240766118179,0.6576977543540397,7.095894291653269,201733.88
1235,32.75750785610631,2016.0610587242534,Commercial,414997.05483739317,1.0112842626250267,15.680700046635526,0.3565588314424317,0.5659259948216985,0.3554040346648093,6.562337325055969,342764.1
1236,18.742054014326175,1247.5965175390372,Industrial,138759.19977515755,1.2552078818514554,1.743335246648255,0.8116509744456817,0.7538419123175422,0.7111482417965925,7.350068713247534,247630.75
1237,43.285733367062036,1175.8142238260295,Public,146091.86504777812,1.030304010763563,27.81767680006649,0.21880193825465924,0.846220176259065,0.3219362224737084,8.459400313948436,296904.9
1238,23.92389038123208,4803.327733295931,Public,354241.86537405953,1.07401798955613,25.703267455749064,0.5003977930572968,0.8150927845272862,0.37470048030786285,8.899023410665848,652420.37
1239,48.42557468177873,3119.872381036048,Industrial,232250.49436439679,0.9834790804117576,16.203479909211232,0.28859880626440726,0.9018774737845954,0.6849982398411505,6.783757035985238,462540.33
1240,9.683513027304496,2828.70437154327,Commercial,469194.9831979341,1.0401308040551072,7.639327748043913,0.4819803532765596,0.7260041439935405,0.7139851890292397,9.01006547224652,425024.57
1241,43.49684681380273,2137.2980072642777,Industrial,90054.38070320398,1.0874902804105802,4.527063829722733,0.33882953571110686,0.7595458651698641,0.32029085106563066,5.818577746829292,332495.24
1242,38.941544213191214,2201.8272338077068,Industrial,280186.53836427187,1.30429124836464,11.538381903531672,0.49864399209830995,0.9052009704294917,0.7013637516010909,3.495617706415811,355033.15
1243,38.66063130988057,2750.434518806596,Mixed,463334.68869940453,1.1580753359643543,8.407420150336623,0.5340182448860242,0.7138505854096193,0.8869517677265459,8.9206903799546,426099.79
1244,42.31676979178594,3512.5060544769253,Public,456851.1472157773,1.4604956520098837,15.694044829182662,0.44047289822473473,0.8507996749497985,0.8056213241057677,5.873255446717784,517936.31
1245,38.17068755167845,3540.5158712909642,Mixed,120438.14603708356,0.829316275687143,29.02586958757944,0.7252975595785034,0.7173011843589959,0.39182957274455904,9.155238288105108,515434.26
1246,31.497905920755063,941.3001477567029,Mixed,214986.96504340542,1.1521478258424198,17.6736513036596,0.9350816410071279,0.7088680972557813,0.7147322532945304,1.361510325555231,210142.56
1247,6.996621445278185,2550.552485175472,Industrial,328604.6300210133,1.2089573521822028,26.80800062081284,0.5204762992842179,0.8801028122645802,0.7705767500519494,4.57764176387112,421808.26
1248,2.11004588481697,2118.5946656670994,Mixed,121727.69814713098,1.4441378902519917,19.87548628737754,0.35387452518001716,0.5874184577331056,0.32606184122660425,9.530245165262214,397372.66
1249,46.081968466876496,4365.582134719983,Public,485609.97742058244,0.8344109665349994,14.782149271028814,0.4165782065567867,0.6692929859707868,0.8987433680785357,3.2468508348247247,559581.27
1250,31.024190568776532,3193.9527139700444,Mixed,461637.19792744715,1.2014497094546512,25.783619319267768,0.8832006587970953,0.6120861383734508,0.9343871781028812,9.473826214346433,500614.86
1251,39.928595903320726,2709.269925438311,Public,125127.58056551113,1.39754094996957,14.669675195016929,0.6573117786161183,0.6795549714837985,0.895316591353581,9.585122150163249,446266.17
1252,24.33535639987123,665.4337466766951,Mixed,104519.95756744343,0.9693494096834656,26.19021694480047,0.5640088258455658,0.615187411183012,0.8772420275923791,8.93928082803275,242716.15
1253,6.306755353638526,3067.6256576847163,Public,88433.8172637194,1.4134046439667562,9.455726317697193,0.3197093772071414,0.7897028155433273,0.8214756389226252,6.073012405839688,463541.22
1254,6.696696714026246,674.2991378331437,Mixed,459249.648816484,0.8133303864920043,4.7355791391266555,0.5597818466590256,0.8990854013089227,0.743402421897372,6.822455041725746,179759.56
1255,34.43548171783408,1752.3122202721852,Mixed,137130.71440795733,1.3127182403936108,25.80411946652521,0.4227936026859094,0.8933065306089509,0.7750389034917763,8.826552986048823,369431.17
1256,21.800141797523402,799.9256275902261,Commercial,237328.21784495964,1.453179254818057,18.035039749987337,0.9545305022826793,0.6822504822743962,0.8644767053344882,7.983073741502659,247293.02
1257,10.425973971666668,3491.1608704194077,Public,251983.11454340135,1.2600383631480436,26.783679549219844,0.907256087532585,0.9943802029471309,0.7637489208529131,6.670844645098704,517095.5
1258,24.833930063701125,1110.6353577971477,Public,319554.9698961054,1.1073204707863136,28.196989002779112,0.2671220334625584,0.7969271823529004,0.5294088696774497,9.840334670836324,304610.38
1259,3.6783423852191373,2020.1109286213273,Public,82280.90468634124,0.8314167115309027,2.555223320772026,0.6133227914089943,0.6997001508891474,0.5631727715129478,7.171089727003247,307411.52
1260,29.30758439476274,4488.806410332016,Residential,152041.37783023217,1.44407966932584,15.528109753907183,0.38004667641173767,0.9177696396207127,0.9279402278606044,9.77933793202985,638197.44
1261,13.815173519537336,1101.1502786549545,Mixed,469170.6741135167,1.1292073558841023,11.87397192316135,0.5286216716194325,0.8649370063213204,0.3119854600580133,1.5164962714638166,218301.72
1262,39.979175481540814,2588.244813398018,Public,458784.54827085626,0.8202977210351636,19.149893515033398,0.9014783986011652,0.8746376684120523,0.7891744068709974,2.250643336679912,368153.21
1263,15.862916966716902,2154.431139713508,Residential,401580.79133256146,1.2828747499301334,24.01414471886738,0.6220116159108359,0.5980696748669359,0.9683442866976508,5.063129614004415,383645.87
1264,23.03339737954916,188.8078011240757,Commercial,58730.56052819695,1.1372860775033806,9.137116263256699,0.4673722346966079,0.7341621536842775,0.7943597189705816,4.463915147958836,148212.36
1265,1.0752167254509815,3984.5147565067828,Public,197153.04582324595,0.8870417222096876,17.147153146821978,0.3663106832839977,0.9309140654123014,0.9957383917622473,8.044613572213251,556248.25
1266,4.086120945830665,438.32494094153867,Public,332581.4309043085,0.9499902665171818,21.553128817242087,0.8402598875251914,0.7520190038143786,0.7812814338698315,2.4455262382228335,167081.57
1267,19.9284310421309,2423.849602787073,Residential,173835.59529806406,0.8451434763190925,4.8985014022362865,0.6996144122914778,0.8417263717105252,0.32405412045180276,9.784856612003397,358857.59
1268,24.256972318497613,2847.3236452008546,Mixed,459314.0127741998,1.2020054777960016,24.607940272586738,0.574452368340985,0.7939668665171322,0.8789069171528465,3.835592877348226,443585.85
1269,30.201017131905534,3179.2896374114766,Commercial,335250.25782459887,1.2354206354764066,18.57717839573622,0.37398748309038243,0.9211783938591911,0.49924093835752337,4.860313369661435,469934.36
1270,14.93729764611051,3474.2949836085904,Public,82358.02279240052,1.154019608848811,28.536585676295903,0.46739709932570506,0.6422804198808013,0.6122400579651086,3.472705291960206,507793.53
1271,34.90160336326386,1341.0346792613038,Mixed,459052.51497606636,1.3719714931018303,10.846338654790104,0.9678747413908149,0.7877376389431825,0.5184643411349574,6.214272555938925,266809.46
1272,43.07605866086563,148.89600562640192,Commercial,480994.9961793001,1.4027061749156096,4.136232327778761,0.6160719500846674,0.561617334004902,0.4879878743467756,1.5276583038032556,122238.05
1273,39.10262395022082,3644.8739455390687,Industrial,84970.58827627648,1.2309370776781887,15.688534830070834,0.5205594249946024,0.8451053883497339,0.6019839925688497,2.347097550134039,495572.7
1274,2.4611318547436785,2724.717336803135,Industrial,289562.1056875917,0.8089295357952014,3.4885123795737267,0.6171376338786592,0.8659839191763561,0.5651260139084716,7.712179330768517,381248.24
1275,24.285093889262534,4196.9767457155185,Commercial,186513.9269963767,1.286660759023415,29.116269176396198,0.823190804719687,0.5214186605944993,0.7433370072898126,2.6785052506432354,575827.17
1276,5.6940438316996556,4124.802978213402,Residential,226777.58441663106,1.0925994518442461,2.121863789458555,0.47208714920229505,0.8378954818139925,0.8692058406912573,3.1196300640099657,520184.77
1277,12.48122828519511,4232.298222160627,Commercial,130843.04807990385,1.1958902382584709,22.851613132111932,0.3429648967460871,0.7073450770828932,0.5079620572310686,8.136840121523539,599284.93
1278,49.33979836672375,2476.9638338997465,Commercial,310132.44590558566,1.254356421413219,16.227969546125077,0.6679488946712382,0.5620484380548412,0.44960480697541216,1.8397106052152825,371035.54
1279,7.5535293736249045,1734.7791396006417,Residential,481090.7089620008,1.0451656300289538,11.689998922450371,0.7321632827848539,0.7099537738492339,0.7668266896092395,4.937264404937569,297181.02
1280,25.194963595842125,3978.635192697713,Residential,276382.6701222241,1.441968953620256,2.909422770750985,0.7701744023668398,0.5971164648477909,0.7692240460815472,1.2075704829750429,504109.17
1281,31.098708848746895,2311.3411538433493,Mixed,87311.56162751652,0.8937824067248469,19.042840801034625,0.9055900726129038,0.7077797660616583,0.9307918675003202,4.121266593861135,355969.27
1282,35.27201604193314,998.8667623768291,Mixed,329000.60006483376,1.2700582650967263,17.9713895523377,0.49693929655129043,0.6921695139792639,0.3111619805173176,7.29083262349679,257108.22
1283,28.20260983260225,4289.372695851224,Residential,203100.34750306566,0.8030517059696063,9.145614918960392,0.2602839169831135,0.8691958184680287,0.8971284634815568,1.8109295174550548,536581.23
1284,0.9836569472495911,4424.543396184502,Industrial,435166.33531608403,1.4472557737836267,27.39642934089905,0.9666788669047539,0.8871077790831794,0.6647015210638498,8.99501164100884,628877.41
1285,16.659834758077597,2384.9178050868336,Industrial,245605.1667424116,0.8787528932666641,9.819190212942269,0.5480095419499802,0.8035143271922733,0.7349114624204691,9.185491386466444,376257.22
1286,26.126726347543215,470.9286638179586,Commercial,136777.8240240105,0.8664189611033023,14.042036907171077,0.698606007738505,0.5113434210912238,0.3639600083929903,1.9449133761262158,144536.0
1287,4.849391707669251,2000.3478405929632,Public,135997.53021101523,1.033105343136571,16.769111221641015,0.7330442585026338,0.9655111395354969,0.6028304530104319,9.91659192738199,354874.85
1288,17.856033094854446,4037.3345313667564,Commercial,395943.88132452214,1.0614964002273566,3.906724467112297,0.6372109669609629,0.8431166400482238,0.45911168506696665,3.6777659805594003,503081.17
1289,2.1435538851726452,4518.69273987652,Commercial,169514.41923831194,0.9500100506260151,28.032689857195336,0.3642060237890161,0.5170977249605944,0.47795752105775635,1.7569150401844544,592855.32
1290,4.389635609173527,1097.0164382382195,Public,395255.0273716503,1.2095851626489873,11.861548421080192,0.8041144400929132,0.9094164496070589,0.6528665802732192,1.0456040304753604,218065.03
1291,20.147702171979006,428.17069892383046,Residential,142649.28984496972,1.1100398686293746,3.342597202355965,0.8430015794432653,0.6001330773589981,0.8687191652821786,4.676706061874763,150466.89
1292,7.069429825131487,4399.017220350909,Industrial,194758.86591558924,0.8239229123287612,12.231444036584568,0.6423804688139518,0.7896105947855534,0.8206466511013992,6.668289871355059,566046.32
1293,28.59327198894713,2008.084200996489,Commercial,259469.13759786473,1.0237564435787105,18.40587386568484,0.5908489284678733,0.7333171849750936,0.7136999713601677,3.9896132491298193,335310.75
1294,34.62851597229466,2754.62872491106,Public,474438.1323620528,1.3673030395012193,15.895927482818557,0.29115054650238825,0.7099193911775383,0.6775927349274269,8.530456289271605,453102.29
1295,40.1290416058996,4843.522479048719,Mixed,469279.1411392211,1.282791074403308,21.141717247080948,0.2671613291998271,0.9448568600621987,0.599114230264143,7.449456480085451,662009.23
1296,10.4074370901181,426.16716677969197,Commercial,143092.3439400295,1.3074095975059163,2.609034319969408,0.471651876450823,0.7186806457813073,0.9808969814929704,4.151453787712294,169423.51
1297,8.790387821823954,3276.7582365152684,Industrial,211198.56855938275,1.2886818468584664,9.251677697889628,0.4486769244139146,0.5376720587865753,0.6921347879639632,7.6087869994774415,479044.55
1298,5.676108096552812,463.11657061684866,Residential,117229.72480419754,1.0176811149681233,24.757686728362966,0.9629251607706171,0.9733193636074763,0.47777647881855545,9.464389632723249,204700.56
1299,32.003297352410016,1939.797749485852,Commercial,279493.28569107375,0.8697647454537432,3.316916945949465,0.826898193954744,0.9602676156198138,0.4610635544280277,1.8378639868871538,267713.1
1300,35.47054846110161,4038.691271447889,Commercial,257262.14781259996,0.9907270288231672,25.80909268618277,0.727939436207248,0.8422163447907993,0.7279471215425992,3.7549356414185517,546532.99
1301,2.063514168869281,2224.0139405026084,Public,455342.07310282957,1.3822497101296114,3.664986670236081,0.6141184712140841,0.7339462640660125,0.66597926911765,5.169933452050239,349587.81
1302,46.84250618906265,4986.193534124457,Mixed,468502.4200059827,1.4863295584481497,25.19917223185919,0.3338940245813211,0.5464297364717606,0.30538846206829895,5.481911149792917,676857.92
1303,3.0725785407478843,2839.390496238351,Mixed,222605.32595328146,1.145692910319093,11.462863631283074,0.9827653377474272,0.895374059288738,0.8810457605370454,5.879760803974663,411686.22
1304,27.294168597402987,1673.694547916172,Residential,271282.07435854524,0.8067902484461296,18.75406283445926,0.5000325585921681,0.5377389572120145,0.7928856479627042,3.7056421588478368,294625.52
1305,35.598495712820366,1178.5454969332905,Industrial,453306.3121157599,0.8980313684939604,5.433726353791947,0.28554048195779586,0.5343004924475728,0.7632805027746724,7.005336813841142,245368.23
1306,43.612971625431236,1817.5506180021928,Residential,413018.51348527765,1.0254564027213862,2.9188929300302444,0.5950391165725969,0.7686919212196841,0.3481464603883613,6.805760531768468,292018.53
1307,35.84730314055518,1925.4130414217989,Commercial,51645.340105092175,1.2050097440150649,7.262207916583917,0.8991984092904666,0.5800641200923201,0.553439095120744,6.200393556444525,312421.62
1308,40.185540111954694,436.6970208474088,Commercial,194026.80388261212,0.8525655520637199,4.707760719352171,0.9098328014218635,0.5038651336701745,0.9547675825129502,2.0238554953978896,127646.16
1309,17.3027845308689,1910.9135771911886,Mixed,239798.40887125666,1.460350109096917,10.059771032709321,0.20877273284515782,0.7115567154978931,0.9038124689389546,5.292711019863501,352509.4
1310,40.83384313045236,2374.768746722202,Industrial,153372.32765745427,1.0555585712990805,15.917114148819586,0.9090365958011197,0.568608615805033,0.4998800565086734,4.20604198740438,355849.82
1311,4.46568489604142,3641.414985970143,Public,139807.22715317243,1.4388089525473762,18.074024443385277,0.4171873739998868,0.5802577076403457,0.40994121886939705,5.4193462285431035,525003.92
1312,44.793424474996115,3317.974475135879,Industrial,67003.02796805585,1.3463652619299151,23.906175114012544,0.23117789117473847,0.5384553193676673,0.6143615700180038,9.296797919635233,528769.1
1313,27.605822619609945,3572.951710622856,Commercial,339516.37628139224,1.328806090760907,20.0309569042024,0.8782322162902996,0.602546876861805,0.5490812650673625,5.324782088425675,505061.96
1314,40.95623961314344,140.98204119659977,Public,168129.63071742456,1.2247037058475625,18.653991428757035,0.8910934047905668,0.8577420898871947,0.7775584636941937,1.1258271265556066,137091.36
1315,22.889755083655857,1166.5702579446265,Industrial,73556.2302940909,1.2387486719362912,12.941678797087464,0.67698486387388,0.9044636536088957,0.9765043670590237,4.949530642757178,258451.57
1316,32.35709591222799,3342.2530131592966,Industrial,153940.68973762862,1.2466022646513737,14.740444613844023,0.6595470058370867,0.7262668220146503,0.554101014987793,8.385833620444439,489273.79
1317,26.556931716337605,2471.547904080761,Public,410861.27877625695,1.2401049709179075,13.021104052315252,0.8504962180971356,0.7532769079407089,0.3435569208565694,8.020548308963514,386669.77
1318,36.71368132688893,126.03603077489514,Commercial,433170.131740946,1.1876097619788528,25.422814871780112,0.8290476421682238,0.5163275172971014,0.9283298058396696,5.620510661753629,174647.37
1319,4.540684110514184,4042.0237479159296,Industrial,267379.8103369862,1.4904898129380222,7.670013123903596,0.9120843787541633,0.5346581306856584,0.32656481116790953,3.2479211157338375,519477.54
1320,3.487428157532908,3886.766909122653,Public,237231.80168390876,1.3126033971979871,1.165907014716974,0.6421979580773628,0.6287838628247584,0.966936128007333,5.185797966230906,512643.07
1321,12.731610083502249,2787.2538986684567,Commercial,490034.1620758018,1.3438624718747647,19.888277019560938,0.974117674186247,0.7719492103565737,0.7652055996063278,6.0733199747637245,432144.39
1322,8.397461665602822,425.6702963037334,Public,140254.09681463146,1.410723970558572,6.87140332552611,0.9969174647466708,0.8697755743674964,0.9591824459093643,9.998842944467205,196116.49
1323,43.653286546313986,3855.9237427096646,Public,146911.67728457382,0.9509478339080945,26.81333895298447,0.2932356879989061,0.8025015306690165,0.43976178065428473,6.797602811524396,550753.55
1324,11.351092374223194,2960.196579883683,Industrial,181340.2296663799,0.8586629113665426,25.912343561493024,0.8796350076432977,0.6960639274933942,0.32848985667766534,7.248384370563521,437196.1
1325,48.805330163047,3931.6038880739998,Commercial,127740.79322648929,1.138026105619019,3.225093785917971,0.5998578061988713,0.559162036501569,0.6417469847935442,5.423087292112467,508475.35
1326,17.176341692669787,3783.560262739618,Industrial,220714.51919188397,1.1598564869334913,4.085263757008243,0.5100530706398657,0.8903866174435947,0.6154363901990876,4.190405957042769,492479.71
1327,9.514836826590615,4034.7101525934017,Residential,459875.40214538923,1.3804272459649423,15.359976175153323,0.690457847906172,0.6818930257995286,0.532044591278418,8.316576852824854,564722.17
1328,39.59007610355272,2638.2395253826617,Residential,326906.52828285843,1.110648505497635,18.667457220311285,0.24477244580960564,0.8680270072413948,0.9703595320720881,5.454390919053125,426034.16
1329,33.10603488729337,787.5901391482234,Commercial,235375.94687551865,1.199597117881019,8.972341786984982,0.605168895013664,0.7564894209571709,0.8758086125130025,9.952211169680726,235805.94
1330,25.16068796443038,3388.6716195604745,Public,470484.85755704663,1.1689496569594209,21.78713378428175,0.8967124560213333,0.8693310267809127,0.7631074149629153,5.114085168412397,484822.17
1331,27.990495771412746,3140.321546754656,Industrial,71808.90461412005,0.8267419486301738,18.252564606647276,0.37076921291117504,0.953644780726286,0.4140008041464794,1.6120025528281965,427093.9
1332,36.10048802447706,3737.040617275527,Industrial,144624.28005583762,1.2306504276178398,10.419899182708086,0.5411119158155402,0.960514758026901,0.8140263857529673,7.143203233810745,521831.65
1333,11.808509695899287,932.416929648603,Commercial,304649.8722957915,1.3796303000419767,1.7357731532271523,0.9515847101719004,0.7675533900003018,0.8089087182898067,1.4197730583322996,190430.21
1334,49.818528844808725,1055.378479511417,Commercial,326998.6804369306,0.9102503836530627,22.754358157657013,0.5428510702445579,0.7557541823828193,0.5975477215312052,3.2545143719623297,238515.69
1335,48.75226152626576,4463.006634374709,Residential,67800.87795317592,1.216032213748617,7.227856308927398,0.48669410586591866,0.6328392327514186,0.9473501367998094,4.18364427501913,576825.2
1336,32.69112147417338,3774.891212415147,Mixed,231367.4410582095,1.21552738111249,25.199738560416222,0.5524293184987026,0.9678999157646457,0.4168845175603073,7.655352270591949,548714.47
1337,10.377351320992684,4550.319594631582,Commercial,342119.28417389275,0.9149294748394512,13.1884175415734,0.615562213214045,0.7289595835998104,0.48713629368816497,5.448123337668515,575673.87
1338,34.17129800034892,3817.7050737032114,Mixed,364131.74588153075,0.8864245016115153,17.735245836321198,0.7055930753051751,0.5637956196436886,0.34425703747544356,1.2578133817923094,483582.21
1339,4.073821244469205,3026.060999352479,Commercial,337162.95613232115,1.4860363600835393,26.315513181861053,0.840554240733385,0.7163524573132749,0.8568156707243111,6.551648661483299,484219.32
1340,2.0172988591874,3305.250411436581,Public,194253.45096241604,1.0756034187571264,26.045067026678648,0.5616817646114514,0.563526625119002,0.735231570266778,4.702926136839961,487771.05
1341,13.255302981305077,4456.726827306049,Public,92084.05561905928,0.9591952101064705,11.774067682063624,0.8539847480721123,0.7512658421285375,0.5204582139768746,9.296510589703963,578461.64
1342,23.399836358596158,2936.1530971085085,Residential,242200.60088870034,0.9199271811180625,7.057777888730451,0.6269765290816645,0.780637757428106,0.41466956451602077,5.496060800262119,400704.8
1343,43.47948901771483,3198.7174892090984,Residential,107939.49681562497,1.2673211995082645,23.479236254129244,0.4707844082943822,0.6688778807467927,0.32810343902011824,7.380776313454051,489539.4
1344,36.494868953432245,866.7359084176428,Mixed,476430.64633430017,1.2266117081290953,13.559325904461804,0.7263606624955314,0.5358253071157424,0.4167218980381556,2.969816430965922,206536.7
1345,37.26397279939906,2422.2139785689033,Commercial,263826.8897101827,1.2504864860911922,6.569217813211118,0.7741778037947931,0.9717517678166195,0.6172992524363607,7.848762080784879,376260.98
1346,21.56192005517973,3610.345848594685,Industrial,192766.6284605904,0.8616042192580167,27.228334927197356,0.6464391805035901,0.8866765567417147,0.4730238783074243,7.488597794353051,516082.67
1347,17.623782131074666,1427.6192217501905,Residential,394836.832003505,1.4254742084489058,6.745021632991534,0.24529197850777873,0.9194405402525605,0.4812875242023767,9.136735376871775,305478.87
1348,18.866418767737834,1091.045484570221,Industrial,274076.8666620187,1.0724864777663339,1.7484078775457013,0.33590630012865996,0.6834341971431147,0.9129034566673999,1.304394775472793,210931.83
1349,49.388653404934864,1637.7513602996362,Industrial,189515.31080560252,1.0193585845012505,1.588119239255179,0.42823817671218256,0.8804155150097253,0.6605963714227704,5.027506278557061,273425.67
1350,2.485404974917883,1283.3530771648839,Commercial,415385.48407586076,1.1236530130734175,19.047145337173664,0.4261004847611945,0.7426864475845971,0.8104763811898903,7.112398624656671,291594.84
1351,43.4180590580612,1153.0719214783396,Mixed,440218.4679505049,1.0730462460233399,20.18857676080838,0.7387366401974964,0.600541744203023,0.3249976643197002,1.8564751007219353,232978.49
1352,29.144432724333473,2181.769130053626,Commercial,352853.67482990463,1.4045039021974022,10.020209446652533,0.2146789293389061,0.5622116884536066,0.5556143489746201,4.695436604340212,366602.08
1353,22.211463249884726,4548.408718029317,Residential,71133.99008345028,1.4504826826385244,10.280318688164838,0.804545421639616,0.6725254346610284,0.6354185431768092,9.479319427595758,613895.97
1354,36.400254190549255,2584.5922690197194,Industrial,304845.2960749394,1.0124172515147243,10.84532353673834,0.4122739798455466,0.5687760557375698,0.4304917986471293,4.923410418020154,381645.14
1355,24.59011260052279,1020.8098659950829,Commercial,393482.71039877675,1.4047550652219685,20.72459785600748,0.44801747697288197,0.9991344881020343,0.38413407901187707,9.868643051325684,287362.0
1356,43.7344502850422,477.161179966283,Commercial,111426.35543761199,1.347066190673147,2.685879939778029,0.6223278623551394,0.5245944951160111,0.9092126449498896,1.5115515497183765,157522.39
1357,45.0847422685573,3511.1651111758338,Commercial,152901.83812307153,1.4515653706413332,27.944374228048442,0.37274048075116606,0.7205717996845382,0.9576021389698575,7.460467985268021,554858.9
1358,21.375185880236042,1975.7139457383003,Residential,447122.7972806614,0.9720252185301215,7.453110281145947,0.9075770508604222,0.7260467611951921,0.3551646886317852,6.229146126234426,302106.42
1359,14.202975963135053,4126.97163826826,Mixed,59054.77483388332,1.2038714050846853,29.990522952020676,0.2682950234612522,0.6503159642908378,0.5443130987797101,5.504857094189129,593234.39
1360,29.82134126537143,3331.602766339774,Commercial,388727.2120216892,0.9921812093183113,5.974158119828423,0.5555058898408519,0.7856757828534726,0.9707999397011315,9.737626613365084,476178.81
1361,45.6619856080262,4001.5831076527056,Residential,263197.9816314903,1.376866143339062,23.374847262058946,0.879537815563912,0.5749885120757723,0.3582132131927254,2.1668536044201576,537382.16
1362,10.927778355780495,1432.5355931503989,Industrial,251047.4714778231,0.803726933399745,7.478963802959126,0.6926751155369886,0.8919561902936168,0.7505489610151084,9.06399056512822,267956.75
1363,31.336845886392396,3492.558720059185,Public,53193.43962269923,1.1953734140204773,3.3445572476543655,0.4338636126741068,0.6662238591238192,0.9805549596769039,7.221163700229493,488409.47
1364,31.762230894579766,1393.903724999222,Residential,418729.20393492177,1.0374424018903425,26.373066406168817,0.5366081662211686,0.7956712948993209,0.9847565680069621,3.3309646596966944,294274.36
1365,36.78909460955641,4701.435549306429,Public,211921.2052864549,1.0258785949544742,25.903786516535867,0.7653555042740117,0.8578196180334796,0.6298563316326202,9.115022310690641,638468.53
1366,7.01260041379936,3218.2339795135345,Commercial,293344.5340852443,1.2514344267054418,12.70354138103844,0.9786085946911196,0.9445210588450805,0.4139243754476664,4.8636542607491196,443053.19
1367,35.93333575176339,1690.1078208591762,Commercial,354785.3088510467,1.396039114519796,21.369488133672377,0.9145109747035469,0.9178937182261,0.44145902048420715,8.328045952657638,334590.12
1368,45.49710977294923,1420.608125232136,Residential,366183.3093970621,1.2264367739753284,17.154912047833598,0.47394624670590146,0.8041545140517798,0.9227209765870761,4.4995286534266,294446.47
1369,9.394313889076978,1035.5402668510533,Public,480191.02647173253,1.3972210850527058,25.735727296538716,0.9985583034302861,0.6941965901919435,0.9381781030308152,8.65837744689917,286995.07
1370,12.258394583731944,3503.7406985792663,Commercial,289102.9789564741,0.985217978316721,10.13662311024098,0.20280373082484662,0.751602335037482,0.7255157507114882,6.729662066005438,491988.53
1371,48.58405715506116,1171.7065036898437,Industrial,229873.7979384924,1.1636512983354868,16.18649959997057,0.22210380464673207,0.8843673966894012,0.8363234796289378,2.2694197022535443,259141.09
1372,9.458359159119743,3016.986003044696,Mixed,479166.6319212686,1.1153755773469531,15.075798764931964,0.8590724121369551,0.9387727712797365,0.8179518760292857,6.846968471225749,442446.48
1373,42.79206212179417,1396.711631934251,Mixed,338949.6057614845,0.8081514296521674,11.263268961448903,0.3595701494664416,0.5518909640883359,0.7632751185923748,2.7221028643168537,250710.83
1374,24.86775389417772,3343.647829489956,Commercial,184167.66032445003,1.189768500198518,26.852196872134794,0.2486154147169927,0.6924281312465268,0.8790938684103573,4.707303651047464,511223.0
1375,12.737938182957263,4093.204669848642,Public,106908.91043160702,1.2630670269023225,5.8104598152135285,0.3897184585892018,0.8880582992067503,0.7797846361282247,2.5326602582683035,530660.12
1376,43.60212011298931,3912.3236914088006,Commercial,429149.5256593316,1.214340083093349,5.335750546100188,0.5408801231846883,0.7158258812969804,0.6738016140232495,1.1981450410040673,495875.9
1377,22.54261012263194,3828.1715215608306,Public,212981.72125736822,1.3153959291483952,17.73037652435979,0.7844530163467238,0.6661138820331419,0.46586945381170974,2.9069788550496174,514373.48
1378,25.983459019519664,1019.8397878920351,Industrial,347211.37461399403,1.199937669917154,20.067332669563317,0.6994684212409644,0.7056613484116347,0.8207217008830332,5.827348213517132,256688.29
1379,18.282051785288402,533.0862402241416,Public,261867.38871465417,0.8467251783955299,6.64395837541239,0.3900969740483364,0.8014223733931753,0.6314065074867921,5.3340487099961145,166529.78
1380,29.851067146028907,3524.8492595881894,Commercial,139518.40090776724,0.881511866859298,12.3308058253841,0.6026163584804676,0.9999025720669008,0.5063541788052566,5.513473859824574,470841.56
1381,8.594431692958628,1904.9013475923214,Industrial,320758.9738792093,1.2175322042807668,28.450351446383568,0.9409712843188551,0.7464962145522659,0.8613623930192427,3.229181906019412,343415.02
1382,19.858536064262154,2218.4965093764017,Residential,77307.38102780705,0.9924854343815481,8.151905258029545,0.8520062215870061,0.6042472374771303,0.7876995202471198,7.166450805527676,343810.52
1383,48.48590995559673,252.6305546876162,Mixed,236004.1069420365,0.8557515903243361,20.382460361404426,0.45855182786543475,0.5814232876395473,0.9561376941872899,7.3383695813831125,180879.07
1384,13.277604918705814,1371.924601447741,Commercial,295976.72284865193,1.1007219204139829,22.464332417230132,0.985811649084557,0.5211748737382071,0.4158091480132144,4.22171043003699,267005.06
1385,33.00846489479397,265.0143789848737,Commercial,246221.13835336058,1.1880258186585588,13.995732284489627,0.7668963203481047,0.7794086174591608,0.7544324992455451,8.930530796267568,180634.82
1386,16.596908179122398,4408.010285746113,Commercial,386902.47886294586,1.0301221918447245,28.188253616027907,0.24995948453342542,0.7722860457444172,0.4709676276617232,6.79620894971993,614582.68
1387,38.78691972148673,1292.6437477707993,Industrial,422566.2295453906,1.3043035915580445,22.363045321344924,0.22812857063091097,0.6026169633901546,0.9325080897111491,7.417353477327686,318118.04
1388,6.9782462055583165,2830.9521309077395,Residential,397059.38331493014,1.2506394256708713,14.279812815966038,0.33472635920802396,0.8476647032262835,0.36964958997963093,3.496059261450455,419011.11
1389,48.50614173138796,290.998671239539,Public,67465.82651531095,1.0329728527641704,17.510720851506726,0.7822846944401174,0.8705535208148404,0.759313264511414,1.0055047164002833,142522.01
1390,22.962582298490144,3367.5522173977247,Residential,137357.9467006875,1.3284107702359924,21.08578985932792,0.3469911406739423,0.6295491026910556,0.8537600050696208,8.788380508918987,525963.41
1391,12.184497935649965,1682.8339941950599,Industrial,291473.37916869845,1.254086529773125,18.17351523244733,0.6091894153670668,0.6720498820148683,0.548442488255295,8.401819461218277,332041.87
1392,4.138088992835627,4499.804016092562,Commercial,470669.91819971055,1.2462117651025315,26.4822299309562,0.2746080961446654,0.9952358361736283,0.9678966555686663,2.108726992385472,616911.44
1393,8.903016301833267,4451.779125776776,Mixed,425730.5487734526,1.1873993905509477,11.349771206131633,0.9367089262641561,0.6871322339253672,0.8955114792102261,4.366946214606759,568895.44
1394,26.228810453522875,1693.924029972564,Commercial,429140.5287583108,0.807972767661987,9.696686461618343,0.4751684908668541,0.8804008358780508,0.5062328097794324,6.952053775497243,289821.56
1395,17.181657233348673,4514.708388883293,Public,186443.6871918537,1.2875550284338224,7.201327795362665,0.9265056452485048,0.7263627133149699,0.30527876490119904,6.868997714968554,572903.83
1396,41.52972661118917,4981.1726001440165,Mixed,243251.55368541615,1.0632292537764094,2.095706073873259,0.9559005135284355,0.896672413930488,0.5076600232826426,8.74315301327701,610675.08
1397,21.828932421259395,4144.536754207345,Commercial,261817.67629217182,1.459826797111059,2.2474049670216045,0.20490291785094464,0.8845116193913239,0.49691732932951976,2.262413454718857,537052.7
1398,12.81135649308768,4239.869604000622,Mixed,120817.21250745968,1.3725893397540436,26.2316006001692,0.5713081497589856,0.8338780125992677,0.9229752252506362,4.869457730066069,600755.15
1399,31.04867683689949,1320.1428069345407,Residential,63980.65861000534,1.2113861286719185,20.673401245771313,0.21972484456551433,0.9273891731477897,0.9769848247783233,1.875019761337823,286254.0
1400,35.48547223582957,2925.841754403006,Industrial,476106.3047572326,0.9765273872734886,20.155440047658097,0.9269542130423247,0.9696092474388426,0.34930799017918224,4.506357235947654,413448.5
1401,8.768574441097018,429.55397844010247,Commercial,158320.66354857804,0.9426021752943666,18.824641749111695,0.6147260357876607,0.789991660226042,0.6299063799733217,1.1359670102893396,157580.69
1402,8.797151206271725,565.0978904261816,Public,157977.0066756341,1.0382693863742845,25.62735519612904,0.25995521015879747,0.6187344536113728,0.683832398970857,9.084457585991142,240990.11
1403,2.315235633210377,4994.573798963124,Residential,87520.5741959418,1.1335975605060131,14.927740844303196,0.2882213826212535,0.6993144808220375,0.3650381629307923,5.7433959714581295,643369.45
1404,36.9518997457492,1700.5323221869635,Commercial,467828.48837470036,1.007245857027263,26.24191402819071,0.5068072195941913,0.8791528567566467,0.5642483963962658,8.648220347221184,342236.74
1405,33.35832411727935,3766.101169039347,Residential,310881.70172289736,1.160450646774738,11.423905759284937,0.9521873542983117,0.8254417425619347,0.5219576921750654,1.5391423090302738,477060.11
1406,23.99422834961579,4052.658759831401,Public,350166.58570640924,0.9157592978592302,27.874517625833626,0.7543273212544648,0.5888991692826244,0.6752394480289611,3.0471229942562856,542920.97
1407,42.286437223975256,4304.314027935423,Commercial,460209.5992683736,1.48439896897785,21.261052422355963,0.8940950929513061,0.5256197705732124,0.7628336298123566,3.3344199569906254,582302.36
1408,40.38067257102763,4988.378657270567,Public,205529.07600535528,0.8755471884754957,8.458136944708391,0.49316531707198374,0.8414807967710325,0.7924395773475965,4.480223451749092,612990.65
1409,29.47504103763923,1283.3327777586524,Mixed,329678.29001213785,1.4523608977580604,17.358462728970128,0.23457095963999866,0.6255395120146727,0.39572851652937124,8.225797351577915,307686.0
1410,43.4794283854063,297.7190516125286,Public,67459.75462799935,1.4395046079818865,16.45788628315941,0.9794541097635314,0.7498351218645267,0.8690633913612349,4.479020863583434,175060.22
1411,10.689139896820029,2114.8384381734713,Mixed,134047.6377040082,1.1677523372736487,4.999065830179685,0.21373839252989565,0.8733733862562971,0.7749794208535312,2.841881766816943,333169.79
1412,6.04002116018753,737.3952821618401,Commercial,424060.6122904741,1.307437190285259,18.14604426676781,0.9581213224648713,0.7813333903281665,0.9223524417227036,1.5849123430489158,203028.9
1413,13.852605770090985,209.8868568940701,Mixed,395045.76035225106,1.1052338085808115,10.128783087791781,0.4949419390793158,0.5416512915558982,0.6145352416048038,1.715425735174187,132534.23
1414,3.3257993764210854,1866.091452993282,Commercial,207789.2111557161,1.2410242042797068,2.5181142374784704,0.20807232401750522,0.5927901183917776,0.9257228339055341,7.840424853648797,335180.53
1415,26.792891636051085,3940.3174302686584,Commercial,219564.78249839562,1.038403156194783,28.511028573490382,0.7513257853796067,0.6096640920154596,0.9060418856492527,5.003226919329697,553574.75
1416,46.86198176860059,2874.285387002847,Industrial,290099.49509911076,1.0108113138498118,19.603220702864345,0.9844322432250834,0.6289321268224224,0.6068865326514887,7.535630098000137,427473.35
1417,2.4475052630912275,1632.612147130735,Commercial,50108.45210831055,1.2047608503186595,26.430649024254564,0.972500578270074,0.7827016959752522,0.566800320705085,7.140584095873278,324215.38
1418,6.5444407434963265,3306.2758269143264,Mixed,158559.95121711254,1.1486907719287862,20.60562414538434,0.3287496089619347,0.7519828899126968,0.9529684104791798,2.21826215584232,479563.86
1419,22.883851900030045,1236.8890835131724,Industrial,143704.3138736965,1.2056754584049867,11.352527072063275,0.34499824485292396,0.6015800191821045,0.8006153141769063,2.2859914077304047,253774.42
1420,46.726813367631294,170.46908575321663,Industrial,162717.32603739356,1.0006624069009162,15.86795409753553,0.6524311316957281,0.5337774217278435,0.949771742506653,7.798078138907205,167237.01
1421,16.14972719634915,3845.331593538494,Commercial,412657.6291400486,1.0568704822718966,20.596656050068134,0.7098438611426596,0.585716102237359,0.857882345227069,7.491414641368755,541899.72
1422,25.608123030075426,3156.3411158336444,Public,175853.23544589942,0.8587285724402366,28.847317430841688,0.7915343309326925,0.9921906563093017,0.7265082075039899,4.4022769018687935,459063.8
1423,2.557856522994409,3835.282860054704,Public,136184.59492256667,0.8365934605905441,8.356414314529196,0.344840288377718,0.7342734748957361,0.38109694390263515,1.6968003699955607,477837.75
1424,7.842988447623399,290.79628176956146,Industrial,276918.5573568642,0.9774199907711114,26.374334700099414,0.9672056694115476,0.9336727523510562,0.504036470805369,1.10888219528607,147306.02
1425,49.33819108646292,4201.886176370196,Commercial,439540.26636772935,0.8519728015313821,27.798256353533812,0.7109914050313904,0.9243762333344216,0.978189684968874,3.5934125451557035,564613.79
1426,48.27337547358425,3135.678380177886,Public,158607.36672687496,0.8726422960443185,20.44204992510974,0.8776375350964438,0.7557597787314368,0.5235954690999431,1.0830004622850424,417650.56
1427,0.744529056253276,2860.6372184919364,Commercial,85341.30925675941,1.369049883775756,28.006732194638797,0.6320525722273375,0.8533438542302718,0.36527840884975954,3.0706535899333307,444226.64
1428,47.61468337845033,3160.608835761205,Commercial,210382.1311323491,0.8272115879116826,12.538479036843686,0.5314214780719061,0.5963760052063561,0.7952873491435237,4.775506661902047,436341.92
1429,32.13643692186727,4335.722909654984,Industrial,386443.32105424,1.26125995575432,28.63746910517284,0.9817463252759968,0.8441983524634542,0.8138029781805789,2.0927418878075876,581204.48
1430,43.4619555787411,2975.9888821386444,Industrial,297810.74511265755,0.9907904241707803,21.38070343781327,0.6656970966558688,0.6361922896316448,0.4998204042010055,1.9384998204839161,419632.51
1431,23.009622853876024,2946.656861452079,Residential,417557.01630845637,1.4100819764956887,2.218167255145545,0.8934988662393433,0.9160310483770754,0.5083703855424127,9.067936921468629,428314.27
1432,26.022003414672888,4954.327869622252,Public,481816.4664241553,1.1394945992042498,27.29931212275253,0.962633917093032,0.5418620665544549,0.6282250898561487,6.269230261206003,652055.29
1433,24.69790572271755,3807.977818635983,Public,406698.1145382277,1.013903521529478,15.049711461962584,0.7402837016069275,0.8865693364426388,0.3152522648335789,9.410101180865032,522750.9
1434,33.509780748532165,2267.2396467105627,Public,321711.38547968905,1.1623472549826042,14.349482558557153,0.63915094281494,0.5499684532843098,0.8525261072528145,4.112435474071113,361982.12
1435,7.412737110437488,3566.2453001613458,Mixed,272003.71462357126,1.0673706133316883,17.427531573409393,0.2028086807285205,0.9405946184471545,0.5219621510918879,7.094304435962468,514680.45
1436,1.9836926986975587,2007.2293112897635,Commercial,68031.08885672,1.1950107452688812,5.33215185636561,0.2320157125912048,0.6521022590675019,0.8976341714013842,2.8422250715961135,326340.43
1437,15.74253210876395,1221.489766169145,Industrial,492944.8904663186,0.8801730078284438,14.60581540845456,0.36068097284089307,0.8271966824152874,0.8618412951200236,6.5650628555194706,264618.5
1438,35.38169775546401,3024.574196750021,Public,222566.50515876914,1.4978933519687858,25.102689284814627,0.3488067454847962,0.7437511393101399,0.7629814231831481,2.16627157008986,473197.35
1439,10.491745880085944,4648.092280758362,Residential,118502.69626259006,1.0978891143877023,1.4489913149879448,0.4038070361598763,0.6831515726311694,0.5274124069695021,1.0187257525865718,556123.6
1440,33.83490544958341,4652.783648075768,Public,350018.98492840555,1.043761447795158,8.914597649406769,0.44394771015812867,0.8227209165917482,0.6614215931628189,9.38378621268621,612130.78
1441,48.510646282309885,1775.3358627169025,Commercial,177929.73009295668,1.2971468938213855,1.0711830068714825,0.4880523948405826,0.973761490275619,0.6113804803185713,5.994049385576884,302099.84
1442,5.14808543157621,2685.6195844863055,Commercial,313600.22191897145,1.0547295845467328,13.055627965345602,0.5364301520551013,0.520634873687311,0.5372173203740719,9.342465965038356,418766.59
1443,33.79380485214375,1137.01590299232,Industrial,314045.55853006605,1.3832920135201303,22.121149804318307,0.27909307076481177,0.9594264279415521,0.8936954025122248,4.004483713318648,286639.6
1444,22.46563585557627,4978.592436544529,Mixed,250578.41940629113,1.1179895070522976,24.16438304432423,0.23388954556222563,0.8045408275105068,0.6384549522043657,3.950074622455811,657600.79
1445,43.47304159168652,4907.477748552885,Industrial,426253.3769952692,1.3036908892858046,28.41050307268319,0.7391555592584187,0.9036571503845261,0.8829061684580024,4.605895015957286,661284.24
1446,9.268914577645603,3282.593755566492,Public,169235.17769994936,0.8752172515093206,18.646633776152807,0.6298678598744623,0.6919374767171388,0.37365293189927695,7.354368855623514,464657.07
1447,34.784984635195144,4041.6288924196197,Residential,251884.66622798037,1.3922834298885782,8.38417913293397,0.5553153617760958,0.7359214874188069,0.398717352020235,6.092277707675568,542331.4
1448,41.98670683758146,3603.99079029013,Industrial,291961.45786593715,1.315002590744677,27.800290524964268,0.7075519529346819,0.9344253759005821,0.9841242135790838,9.32819416389206,556856.92
1449,47.25840386396415,3006.4752732933944,Mixed,348631.1243452848,0.9482017449233759,23.484156862530906,0.8621435257628325,0.7074239849049115,0.7114379238242627,1.2289681101919543,419548.19
1450,34.32077740033747,361.4051852455987,Industrial,402787.33272751526,0.9017002068220507,17.65842600709119,0.5421543272929636,0.7673297833745425,0.6568387714493342,7.373763441752828,180314.95
1451,25.11015081841715,2328.3452785080394,Commercial,227663.27729521523,1.0214046441079372,21.173566255849142,0.7128955720415835,0.5100974615421665,0.6662092442008781,3.972949204298989,368062.55
1452,31.083438389960087,3406.4528806203116,Public,340721.1248434682,1.483249410222333,27.805174295215444,0.962857779068127,0.5792990029190211,0.4506881418230019,2.6221028663661508,493665.82
1453,43.51079673169655,3419.9049080300547,Public,117774.92888083361,0.9797821021969411,21.65942682571473,0.8716995966892487,0.8208432539873999,0.803092764651381,5.59356060268089,482186.74
1454,28.745182458622068,1928.3008302696796,Public,469691.6452441154,1.1192890462626433,11.682860719957286,0.5408006484019277,0.8584884505319386,0.35934643661082805,5.545574057619964,320863.08
1455,2.0041594549934247,4714.29073462435,Public,222376.4628894516,0.8210141580021355,21.677817866383805,0.7157734702517944,0.7913004683922498,0.7013265991721163,2.2330992581958555,589552.1
1456,46.5819604275954,920.0494579602268,Public,378284.6398893973,1.0780592706963628,2.168066719326248,0.34165673753275183,0.5716550181378053,0.6995381576101309,2.817064505196009,198089.54
1457,34.63157417606227,2551.761286456247,Public,59153.48684697994,1.199924010803172,12.206051293086857,0.648417747916072,0.7227027142889174,0.9399318968934576,4.6734819841139945,392302.54
1458,33.9874125959737,3485.331485099032,Residential,142334.21430716314,1.4671872287555756,12.7833679235218,0.9850626329107544,0.6775473831815949,0.6683279670734021,4.679302711530838,484679.91
1459,11.175920043687,3515.965448869865,Mixed,269187.1449456101,1.1617152314580452,5.8383087982042055,0.6146520921620178,0.7478306720175442,0.39594388718192564,3.8580232565771624,460138.48
1460,33.114830776516534,3278.330888167196,Public,445213.61047955597,1.3733751283243816,1.6694789360013351,0.9421106393521179,0.9351645172770471,0.7009272814737137,2.3369063635898284,427301.24
1461,19.996288079880845,1448.9122459141147,Mixed,287264.8174778047,1.1829893497982304,4.868055862494542,0.5258679364026086,0.887930719329326,0.36392935105573265,1.0393631119088158,240486.2
1462,32.73603236355386,865.4121865644477,Public,468441.71703224553,0.8285495094048627,19.984023378114596,0.9990758617477049,0.5419947506945795,0.44265568470994515,9.732115561852185,225498.29
1463,5.776355000245541,3216.107601450883,Industrial,267708.60346225835,1.0205057926328418,24.26637567454694,0.6633760281820462,0.9451545988872821,0.3217760089311913,9.491493067335343,485167.98
1464,33.063342577850285,3036.580369083245,Public,270702.0935311775,1.2028846554817723,29.65790128908225,0.23381519538874765,0.7358835755749118,0.6593055077216488,5.352853412585216,486066.49
1465,49.970979425648,978.8444504172808,Commercial,103886.05482523935,1.465415776151787,11.044541590146334,0.6694038373531105,0.8719310724429992,0.35917283070550066,9.955465779475052,260120.25
1466,2.8864959235975234,3555.1818132957605,Residential,411195.30986849894,1.4013912518258633,18.38199744557195,0.41965815654367733,0.5700196156321761,0.6285760649719303,7.062888977040189,527651.64
1467,48.87012211895521,2330.342759494916,Industrial,161134.4356101781,0.9598489299251933,28.177204037638536,0.2259850576287158,0.8353597628535241,0.9530615247269008,1.6197178384678739,387776.16
1468,20.641944055782094,3372.0268988554494,Industrial,454825.6202175418,0.9540768810134145,5.844211658806426,0.8566826437557307,0.618163008804729,0.8038329891135323,2.0594637917436462,427273.83
1469,43.60229579169433,4203.098690873739,Commercial,459870.89914867823,0.9408210769797305,21.811722003939536,0.4205837095846048,0.7191904485704658,0.35418817195770513,9.244997594826739,581683.7
1470,39.22808146088454,931.6693000269235,Public,474489.5503433674,1.4457492274117523,22.894383261325732,0.8372388432371989,0.5084314350410521,0.4569468685461902,6.670469819346656,258635.59
1471,28.567304918840055,193.80985318449973,Residential,284103.72009639046,1.3968663071712046,3.5802905402108127,0.4305740663646936,0.575805318965238,0.7715636939254039,8.58865263991616,171851.26
1472,37.05323585794066,3917.602673339355,Industrial,354692.20315263997,1.342418402577064,25.976232170308887,0.35546108309901947,0.5460402465618099,0.9262913027169286,9.084426846704599,594128.15
1473,43.98652028441672,3087.517383247818,Residential,400332.1460277486,1.0749145799569593,24.58004636621447,0.979148459283542,0.6198720864691292,0.3230430107347676,5.031478101541475,443919.25
1474,20.504945921726133,3528.233891148396,Industrial,108956.57839270952,1.1530664930091368,1.968687190745599,0.4893162622040157,0.5500090450121611,0.8687157922044157,1.4367335641902375,454297.38
1475,16.688141497380315,4206.959377444348,Public,320430.73774887377,1.125032221356607,3.641448031521493,0.6811009691545284,0.845955013309781,0.693269716236816,2.694523140075898,521130.72
1476,33.54587258539745,4033.7735806400524,Industrial,65434.055586490256,0.9773786752915609,2.4246799228637173,0.6879851942515773,0.5145199511046097,0.6822639277074748,1.5991475257219159,488099.68
1477,40.4883741260923,4808.508719951241,Industrial,273904.73752492666,1.1535196323041368,10.707562422181505,0.6483787857388015,0.8088702503124989,0.9704692279273506,2.698658611286566,603402.47
1478,38.23311417144248,2726.0818863753793,Mixed,119679.20672910233,0.8213475834969282,15.76938072971786,0.9317565948169717,0.5703539154127871,0.8233512288177411,4.694796338102892,387198.68
1479,39.99177561850241,2493.6286000335363,Public,132315.31668293814,0.8922672614482214,16.438084110684237,0.7395528570934948,0.9725807285889485,0.8950832076392783,2.063771294634869,362894.44
1480,22.06137408324018,2069.2472794645773,Commercial,214271.4050116707,1.4206127173182623,8.762336033313836,0.5229864032839442,0.9665470365549271,0.5477968986812667,2.5005992302480893,333255.66
1481,40.98279370066357,853.0861099366023,Commercial,244596.72502242634,1.3261758369219963,27.43630971024795,0.8899043076194193,0.6127515512604813,0.6880548285798869,5.012396038645113,248626.82
1482,6.450348240845118,2905.77544112191,Public,330427.59103948425,1.096007886341361,11.679620906285482,0.34485031929277155,0.8072106491115147,0.7307839741994395,4.061538553496406,423320.23
1483,27.452210349062053,1457.361369197296,Commercial,83492.78829733205,1.1620052535987142,2.3209545229952226,0.635389406088334,0.5140026597362293,0.5251087582537255,5.208923117692369,255967.32
1484,0.7850536946570177,4614.40680984358,Public,276661.2925568501,1.0589992201719842,9.706586234700204,0.960440297555005,0.965894271525587,0.6991736874631796,4.862548249831558,573283.35
1485,16.56699858006338,2957.6349409577783,Commercial,132181.3086138955,1.3185459070124708,16.40217325378051,0.7003181039043302,0.7614936540958548,0.46565876563579967,6.800302233818951,446806.08
1486,18.639845976134193,3004.91688448974,Mixed,308288.82876428385,1.3489310254624556,12.838432855058729,0.8535747603799011,0.5216115757088895,0.4003629697477677,9.43470593988269,453198.87
1487,20.110548234658143,1839.130838297349,Commercial,336832.0755175326,1.3342996331422112,8.941433053878516,0.7228485804361544,0.6712499965040687,0.5617791814941329,1.9707790459981824,297916.3
1488,34.92562673114818,354.7478246907667,Industrial,300519.16544878425,1.3058282073841148,4.808374243165205,0.8714966908303123,0.5384247309306172,0.8175027401225059,1.8933413437827542,140069.7
1489,19.733626012882112,255.54445032764423,Public,382232.97971523844,0.9431530370849571,24.755770502790664,0.955590303876195,0.6964722196866799,0.9413310036517213,8.675254999818119,185764.95
1490,22.710334319815267,2174.3422063506678,Residential,201024.1599084056,1.0365789854683352,29.888212021601564,0.4183373820261895,0.8349631710806615,0.6203998360487628,5.5575703418721325,386692.95
1491,12.25843447827921,514.3703526764655,Residential,394297.9662349089,1.1288918044885725,10.556721872192579,0.33572886500537513,0.7349449540207198,0.7499765817928021,7.89764521211598,203416.55
1492,18.975963685652335,3073.5500821466817,Public,244745.18676868716,1.031555093999359,12.067010281121513,0.5871926002660319,0.6918610873597273,0.3721259916825703,2.938797132465533,417591.3
1493,11.749846549525998,4416.767727634321,Mixed,267883.02424516855,1.3284581401108304,18.923088215631754,0.7614899414593728,0.5595785227702323,0.9331246309866301,8.459763158507965,614068.31
1494,4.12319822653796,4426.282600941739,Commercial,341645.9572674821,1.0305474669749684,21.834802767330697,0.38175300254577293,0.6224695228468282,0.698022949498954,9.314619617734262,616905.95
1495,30.370705372378207,3329.3225096479387,Mixed,58261.27279965078,0.8967624607497361,12.368856509304146,0.20328116034413368,0.5500716438691755,0.8462367733376099,6.719347139918394,476938.29
1496,33.576533528473306,1135.0359742173619,Residential,344297.39963911177,1.0793283164338128,27.24295599247264,0.4743480926693643,0.9037493658283304,0.8561088406449757,1.95291119326422,264630.0
1497,31.164772127475917,4328.6844736584735,Public,328363.3170824519,1.4859401029476662,17.24011568763863,0.9750874683742308,0.5676199139923612,0.4795363684576741,9.05765332740705,597279.55
1498,23.442955168128332,4441.85783303472,Public,189431.20253897595,0.9581169890535032,14.061312215771999,0.7559739684846773,0.7976866832744467,0.6704221172272946,8.132389546330643,581609.03
1499,19.299396118871876,1063.6025662694976,Mixed,88607.42820477026,1.2285110612602603,19.75350984163725,0.5210603551529791,0.6713702067944229,0.9723358260926842,7.757899988630409,279897.07
1500,43.23501565380535,3713.3878202763185,Mixed,90920.95246086852,1.1030811348877945,28.631311599226024,0.3540608778774723,0.6129891923275917,0.3627441813745794,1.33055370015324,517047.1
1501,26.194548364242795,1503.9457897429024,Commercial,465450.6861433529,0.8497171973545287,24.042016538229458,0.4848717390037976,0.8197342197460519,0.7781349286206943,8.190662727312741,312953.07
1502,24.21950294267168,4032.937530529355,Industrial,360175.6945516267,1.1415136241986417,2.1603807855186057,0.3358715466409984,0.7285011546884703,0.9735848546246204,2.241559094215213,515293.93
1503,1.7692822574185665,4986.465709527653,Industrial,107196.17619683317,1.2915150300538187,10.63698741145883,0.28504465705036114,0.7000727336422796,0.5104039756378155,3.0014755857719955,631153.51
1504,17.391767467494738,247.1274261140248,Commercial,210525.42618900785,1.159253983079473,14.645795863585459,0.9253938980580432,0.7964260024461107,0.9030135449830436,6.194213513823318,163239.8
1505,19.319683129899925,4497.092742375567,Industrial,316617.34725571837,1.4104742446226068,10.121009594064052,0.9981202707003789,0.7456338142450003,0.95356028178579,3.3848269562519473,576533.78
1506,20.241727654396573,3150.8896146334246,Residential,426007.2672907919,1.0022559116603078,21.30543926408324,0.33129155167663227,0.6517421042757804,0.8229603465763775,6.9521338568072775,479097.68
1507,29.21853227675295,4869.5748339076235,Industrial,69647.41792085384,0.8603744199127755,24.96180534601485,0.2436180471026238,0.7795306438826258,0.46192981861487076,6.472634029291735,644195.98
1508,26.913326062980484,2378.546635879495,Commercial,156484.909161504,1.4555959281606041,22.209007760372877,0.4637848857169699,0.8347492882753473,0.5338005031786157,1.9733463821193635,391682.18
1509,30.59130209327551,4252.200859799731,Industrial,450387.045632921,1.0647374446697533,29.69066531801998,0.5693273446091323,0.5133465792934271,0.3250665060924115,6.904131216323557,591792.0
1510,38.36172144633535,405.73093613155845,Public,54124.49758271742,1.2034838860175434,8.903881788897845,0.3638569976606836,0.7329358644538377,0.8820172639717485,9.31559418842437,201866.08
1511,40.74279406644663,1742.867345383649,Mixed,140629.59625724933,1.3544021882911372,26.374695355708223,0.4411399294388468,0.5288416422917719,0.894727830557756,2.449989146672498,341670.55
1512,36.047092273211476,428.38103498092886,Residential,481560.8791878347,1.0270195647129063,23.232057290060098,0.3606965885533262,0.5932027070340555,0.7428972169763348,6.373558188485987,206573.59
1513,47.79842294976927,4879.181354047446,Public,326030.830934977,1.3013151767243278,11.503183969186237,0.819408454745961,0.7802543670389865,0.5467694958846959,4.076788347430247,612743.58
1514,1.4025128424799007,4103.172145632,Public,167752.1149868779,0.8947931948724797,22.28961176605209,0.7700623545978087,0.9330944576327904,0.3537677193479444,5.136505045962435,539297.8
1515,10.191010291335532,4277.482364105255,Commercial,80145.99247813142,1.0039056230438537,4.018202736129162,0.7079612126087855,0.9414028395942424,0.8271403269404365,3.583001611710729,529199.5
1516,0.874362311418035,4696.029634026082,Mixed,62686.10320124997,0.901297445295564,23.890670987876018,0.5097742856633638,0.5349720050693156,0.808568335526946,4.187175727129257,614260.46
1517,32.54999835065285,517.0070819869482,Mixed,160135.2858366173,1.3678613908809505,16.43758747502598,0.9272327530513889,0.7095525431433534,0.9388217652172306,1.2602064093990155,180237.55
1518,44.95251217302435,1989.4282033153336,Residential,446668.6188150097,0.9558544646587498,9.476415008568342,0.975626033228016,0.7915032415022756,0.8113724147037535,9.833965641254986,331841.01
1519,12.552373680526815,448.07095631561043,Commercial,237161.14443387926,1.302182488783647,20.017541751741224,0.33891145010032964,0.5735349522751717,0.8800864595708013,6.623199298654734,220510.39
1520,46.38820996741718,1132.8861975951402,Residential,374150.0161246969,1.4603088780719569,19.606979962717862,0.37841011312950246,0.8827161083723858,0.8221682325327997,5.506350314444967,288158.01
1521,3.483235819333262,1223.8923074845945,Industrial,463228.265920981,1.169440546348214,7.075100458868391,0.6205048224002958,0.8721176292186195,0.7414810318186215,4.453438145502941,243497.12
1522,46.75458332687296,2398.6253341331358,Public,233618.20772126748,1.1780204345824814,1.881525029534258,0.27300045542579626,0.9516705068533973,0.5988764759337064,5.8543710294162485,365600.85
1523,17.905323018361905,1415.9546205228487,Residential,136074.81696682866,1.1227234976684684,13.575055020148543,0.5491587190584903,0.5042430060417216,0.9314821160495943,4.4209539884422355,279144.74
1524,5.520331008236218,594.7927234070294,Public,282703.06888561376,1.02812310037555,17.515844210988217,0.6654330118221681,0.6083421219945013,0.7556780003352288,4.23917134744306,192271.7
1525,24.55065207972312,920.7063365611277,Commercial,458637.6591769345,1.132958521647442,26.421553072747354,0.6176588569098664,0.9135933571226609,0.5788487253761363,5.175518875498118,250500.99
1526,13.210440102165142,821.6502614052455,Industrial,411968.48636196525,1.2219652725867316,27.918287073780238,0.4647268664624209,0.8352900254134676,0.35842850662737,3.4838473030407173,239760.72
1527,14.60120864711518,4868.076309770262,Commercial,79623.4295134192,1.4901941005194614,16.335351326546224,0.6339566448617655,0.9471949268492454,0.5034933991330675,2.620449099701069,628147.2
1528,15.710853263851185,3820.5332839005205,Industrial,361657.7600349118,1.456435191522757,22.8603010292878,0.9670407634070783,0.5285898272651333,0.6806087143811153,6.009453083622642,545239.96
1529,40.24978194271684,4842.031179820854,Industrial,307353.8851065292,1.403507070805185,13.739794897511912,0.3648139234331009,0.7984819828582215,0.49294475901133616,8.58488892535271,653707.36
1530,27.188483195425096,2254.728383888752,Public,458358.4293558915,1.422391374993401,22.636382540613898,0.723865086715203,0.7845232874468371,0.4548647435425315,2.3754535995330306,371128.16
1531,15.90973110822218,1464.0055601470174,Commercial,105116.63758263376,1.1274944283044301,6.939244223235841,0.2347173553248415,0.5178372081802662,0.669175459861493,1.2946090654379678,259467.28
1532,30.71152227389046,4011.6366663250146,Commercial,290316.2509420955,1.2602110290242254,11.760877309302412,0.25313312358514795,0.7567610384562418,0.4188742421270142,3.2213057063863255,534593.05
1533,35.94945837404808,1698.6441984016192,Residential,445758.21208035154,1.4265467060553498,19.392611965594828,0.641462579378868,0.8047601556549622,0.8602870443275723,9.817485791084298,357046.64
1534,13.994888036309922,1566.9785311562066,Commercial,234510.70403378436,1.0750655354939471,1.526581002605286,0.2839513442623596,0.5956465871010537,0.6390577059398606,8.458822663690054,290062.1
1535,20.9706805255049,1239.2793618183728,Residential,266897.7129797902,1.4732337348418283,21.951377999829667,0.21787743074148588,0.6366647915623315,0.7017039417738551,6.362794481757369,310816.68
1536,6.533361620178904,735.4269932987532,Mixed,81707.30495013123,1.0910502434484282,25.230529536776835,0.3372103981184178,0.8201736731488685,0.40316828731814397,9.363240237188224,253316.72
1537,9.466892801966676,1356.6689989821532,Mixed,175164.63820200987,1.220757865775251,12.575108171724592,0.6518793367996596,0.7341504737999791,0.5272034349405571,5.007512051535202,267880.47
1538,34.21533377126665,1841.0667675220498,Mixed,196027.9921260263,1.2968632992906604,13.990330098137765,0.762672763615146,0.9290068287841634,0.5870627782828071,9.849525423176566,345039.71
1539,9.481198210933535,3402.571619914079,Commercial,475305.1019351991,1.4654144091531567,25.6871841542794,0.36198285131310404,0.6711908830045942,0.865748981361552,3.6667184060735565,519703.07
1540,26.49558749151948,406.5677268753127,Commercial,177200.31224352156,0.9712313918365862,23.49398442445497,0.7346075497665396,0.6333298291941005,0.8391116661603066,3.162751745643452,176776.66
1541,35.59778995526042,1131.4840043601805,Residential,257390.9308713434,1.3222916847670496,9.356335181967875,0.3459810648793835,0.9924329701724214,0.45608423235137696,6.742433810323099,260438.58
1542,5.79040769318982,4064.2158374292144,Industrial,352086.9906039259,1.1645709103008577,10.39530709028463,0.6907659413050058,0.9555678850650418,0.7313253571249054,4.403385711553243,531355.84
1543,28.581954871630725,819.9174255604768,Residential,122982.51758354483,0.9879899984344488,20.6874687393273,0.5295677439166391,0.51449637249949,0.4704194504403983,6.63728987778632,229476.46
1544,13.199857793217506,1778.9612179603555,Mixed,268899.07421384356,1.3436247878574734,17.332744680996676,0.7230396074668934,0.8853643076532829,0.9917730089831718,3.7449596647241723,326616.63
1545,48.1648803242602,4336.828717104886,Residential,382342.5677641584,1.1865555961216927,5.704657561798411,0.9960422019833979,0.5551673869126015,0.9664867146916094,6.56126431154192,556690.0
1546,24.435509512636273,859.134024602869,Industrial,440084.8458621797,1.262681674454773,9.987967367645826,0.9502535721860497,0.5137425974146854,0.6942853043644344,3.4817163452653275,201832.61
1547,40.39663121387033,505.4104945291305,Commercial,331816.673598092,1.0260307480045308,27.09951502948097,0.20342540626888292,0.6368477579831744,0.7892318003259,1.4587486193700094,203039.76
1548,27.736213836734958,2474.236175892053,Residential,351074.08189262653,1.1368917662793234,20.957058664945638,0.9083510114898445,0.6346729395305521,0.8610012675460514,9.20922311730865,412198.93
1549,2.6489203763135487,1581.8556052648282,Mixed,106827.56266305603,1.232147975691647,29.593255212880063,0.25319263613981324,0.9096593811734823,0.8046988940314326,8.94884681686116,362216.42
1550,31.840993091904107,2860.700985970885,Mixed,475599.4237608562,1.0834375699888907,23.243363369442314,0.962437268927876,0.8553336229714176,0.7898800837576945,9.737183343454047,452356.54
1551,47.59446543922952,4038.6439633690284,Commercial,109658.33486801706,0.938860777893391,28.317258532164118,0.4254605432797478,0.9908047136660072,0.9709878055646697,7.448744585992642,581341.47
1552,30.279785097243394,772.0275919484415,Residential,398602.82173180924,1.473148344620713,7.269468642243787,0.5056278643290169,0.8557564501559092,0.7175192744150982,7.144490599617726,230316.1
1553,41.04984854162611,2945.425514315996,Industrial,169167.34480024347,1.1580272780298322,23.373061369690845,0.2733105641405823,0.709127776628024,0.7454118702733389,6.031027630673477,466061.09
1554,44.26821993574619,2576.9929259103333,Commercial,470116.9146655632,1.3137442592013904,1.5863080842861255,0.2898182066631277,0.8494638304726084,0.8944881253067267,2.133481747172704,376442.36
1555,11.789948711472157,805.9860514646779,Residential,373981.7927162658,1.0877330354892407,20.452040629634485,0.7813924521834557,0.999729533593201,0.7689236075008847,2.7031177985434303,211351.13
1556,10.99621957545722,3157.5925790920137,Public,389216.17084026604,1.0485922348180015,14.609186065487,0.9554657885986333,0.855070941281264,0.8130528354122657,3.605227198052826,433043.78
1557,30.74355894812409,1440.838047517781,Mixed,148576.6278769475,1.0850150089269874,11.056042085681991,0.6885987959634476,0.8808406779901592,0.4639180803376497,9.01140726316055,284130.62
1558,20.845909255431884,2490.388160865661,Industrial,249367.98948582236,1.086437650649955,26.009726216499583,0.7726800124214488,0.9691825075951297,0.5598868468805496,2.556725721427676,386180.25
1559,42.07313449190266,503.1343889576032,Industrial,328015.9375651789,1.1809260811593676,25.77376308706839,0.8095757956777228,0.5568256306558417,0.4031109419983251,9.305858570391015,221226.03
1560,45.051144608201554,2351.961880346753,Industrial,396488.1281929704,1.1804289089869542,1.6467494420606639,0.4102514196423534,0.8523921467238634,0.6540358096343638,5.705071597462755,356824.61
1561,17.994358275484547,1601.6709934098196,Mixed,96781.7191605753,1.1480076711180103,18.6756485510335,0.23618370473617195,0.9254029789837245,0.6190091804761724,7.440126719257649,327425.79
1562,12.225092669236862,4129.667934808236,Residential,483064.39240453776,0.8943500494422068,11.667134505307736,0.20149819513533487,0.9771893001104466,0.9980139699956196,1.9922003801250987,534904.27
1563,39.13601300457116,379.19576228710457,Commercial,450599.3017495502,1.147252834950372,13.054169043513026,0.48051942636321493,0.6054846448558497,0.7278460569708798,3.421301938983198,168658.05
1564,14.102898759632737,2151.1756470998166,Residential,171656.86572301295,0.9183727302944561,25.129181437344503,0.3931713825593729,0.7519645038621221,0.8505113762360963,9.626667473632837,394648.66
1565,41.21940876642708,2346.313978244046,Commercial,420242.1093645494,0.8882950504070357,9.98535337430267,0.24985418003934853,0.8402774238222409,0.5338102695303579,3.3953495223675825,349191.32
1566,21.47504355561376,3652.529773865682,Industrial,283245.7653679205,1.4528520021388174,28.348415508490984,0.3436226339949334,0.6237338647506687,0.8820817319399574,3.668695483520315,550281.18
1567,33.543720014927786,2914.0091179420338,Residential,257812.91670290838,1.223465009203393,6.209380964792082,0.2995991186143583,0.800236431625137,0.7305594765413783,2.7783764635697152,414513.82
1568,5.228998034816075,3369.340452251487,Industrial,191495.34761513243,1.261643040687209,20.218950277677155,0.9319027044938963,0.6287893912489997,0.7878946321189069,2.1616629877614657,469069.03
1569,31.381036571490363,3907.541499693605,Public,311435.8639842166,1.0812555692333548,20.491046943399176,0.31221377076733514,0.6667285102658236,0.506101544564618,3.0993187730859817,532068.97
1570,22.86250009749284,4324.794570925125,Industrial,378450.102966619,1.436286624340405,8.313659681409629,0.6301187711901434,0.7207593482554325,0.6840468741869039,6.7809420275571854,579607.77
1571,29.53711892718597,1637.9899339401054,Industrial,234919.8072332412,1.2465513427057657,10.417767660048858,0.6744847640897317,0.7645950493732835,0.743825881389526,5.098309601532072,297104.25
1572,8.816703283370739,2736.3112562831243,Commercial,333148.63685373147,1.3384189086665113,25.209156284818274,0.634791566166907,0.7246829358125753,0.7123662730716067,5.983802527041087,446097.99
1573,36.975250374737016,4216.52958435208,Public,364690.8145198867,1.0579937283193996,23.09235239369362,0.2792451473727904,0.7465977598939646,0.9406355979971965,2.1012834588942186,571687.24
1574,43.20845533838981,4948.310541728776,Industrial,370004.8176568786,1.4720083165733877,10.543780529128027,0.455038689400441,0.6492943781441463,0.9287908651447874,8.219048024466101,665548.07
1575,11.228620104493395,4458.6446241144395,Industrial,73384.7441590311,1.3743229031108206,16.484739861113084,0.24101626597052261,0.5794825470113153,0.9796888405138093,8.056852305218632,630193.88
1576,5.2378704982480055,1920.1895868594463,Public,436886.51255828014,1.3977639241101807,2.788728591339768,0.5165359312770528,0.5236749886634198,0.7671996042048925,1.1943092002840785,303306.1
1577,1.6701100092936516,1056.315934371387,Public,256213.99164427156,0.920535987198028,7.053630589560248,0.35087914501727363,0.5979893612458338,0.9803398910879793,4.451635850592744,227106.78
1578,32.277589271941665,2498.0234332922846,Residential,168087.2367632965,0.9896742455098537,15.088796206951574,0.6493060266275039,0.7909718207528915,0.8827346000223362,1.6189354177403303,365737.41
1579,30.551154786394648,3734.043113996607,Commercial,158794.02836585674,0.999938619778504,3.4932383230971364,0.7542467150792804,0.8930577239015662,0.4895824982379715,8.128952014734622,488211.23
1580,27.561521929346465,2513.588446691158,Public,267356.35077977774,0.9896364562728098,25.456638291866188,0.6256958881637652,0.5846237987214473,0.599204968685908,7.63542714813134,413156.8
1581,11.981381257740782,2467.5862302369756,Public,449074.1927610316,1.3987857134730015,21.822180093121787,0.5473893572891166,0.5542776788863242,0.4668747095323068,9.117892848638405,428855.19
1582,19.849846797322975,4207.329063300823,Mixed,220256.41175719112,0.8223193566460145,28.365376448806348,0.509866736685354,0.8746451802746251,0.30293801258139563,3.1276356305780313,554982.78
1583,29.926578591715565,1870.8785174292132,Public,387376.5860525945,0.8532699922865421,21.110540272956786,0.873353414477603,0.6525791652686448,0.431634127202836,5.10666294815019,309949.77
1584,25.089959513528886,4312.993906577063,Commercial,93568.42894424837,0.9917404094409327,28.27163979560338,0.3754944520522161,0.9757497196136762,0.30284241040081294,2.6603908944795798,575531.52
1585,49.39538325063692,2093.3435246634454,Industrial,264225.5159679778,0.9399110822546106,17.080864115037986,0.7873746716230952,0.8571589853051865,0.8038869229453429,4.341114410267076,334671.36
1586,7.25376775155829,1708.3422178238632,Industrial,496258.763176731,0.9623017297179939,18.406339720797114,0.8059858597920952,0.6633780236215154,0.5978740084048397,5.700189264101956,302048.98
1587,34.90965542535589,2324.550564878525,Industrial,396697.01125655166,1.35856023247731,29.332160584161567,0.5353600058165876,0.6447713738968525,0.5188023089545007,1.4799771085473008,390774.85
1588,20.51377902116246,3835.9900975068554,Industrial,144737.81979827586,1.1941886157244328,19.62174525906355,0.4378404793805115,0.7618491931356546,0.8332046237666315,7.433833696096467,553250.33
1589,21.69588093881793,717.409936533572,Mixed,275648.6631640598,0.8040394629050777,1.8928104969616513,0.5764331888367802,0.5395723341391048,0.8827407422337514,5.889640243339677,175537.45
1590,36.021089400079724,1062.454157772885,Public,155131.14364185493,1.1005259359929367,21.990280522285175,0.27457114071415883,0.5588382563226495,0.982709677054916,8.46063115489606,288980.72
1591,34.7755894905563,4762.079645749151,Industrial,234302.41726812915,1.0855194487952513,27.258592071985053,0.236744025783272,0.5879289406580963,0.7494095092726687,3.446024510720775,640117.67
1592,49.56717168825832,959.9089741686512,Residential,401037.81068073417,0.8797616886111805,24.07182724403547,0.28928255956151344,0.8873617966522801,0.6230702709780362,9.12988994742329,267574.82
1593,6.855517327979199,2881.8638578621676,Industrial,397051.16688068165,1.27329925202102,17.931164906137255,0.34971602516978095,0.7569286796345612,0.5136850111252051,9.988248277273991,467437.76
1594,5.653427644516234,2938.6408866434954,Public,152645.17005607332,1.2914680318656437,20.467801879711974,0.6033414562704345,0.5052835613872215,0.45562274644995837,9.27368594539907,466755.71
1595,36.354771447872686,2499.1598640461993,Industrial,465000.49316968705,1.3046252533364684,29.71556188829848,0.8793093089288977,0.8367582637360544,0.4490481653378208,8.001032282498386,427207.95
1596,29.13015239181725,3259.2517180264113,Mixed,316655.6822441721,1.3099296618910143,3.6292005667708116,0.3885138655997496,0.7118450893302486,0.5864325623038591,8.311319225864027,470325.88
1597,14.07095299471039,1226.1509564083303,Commercial,220965.93093290654,0.8000369788526078,20.350100030363947,0.9481296085974225,0.755426182481899,0.9942504487015509,6.163698182901278,255583.38
1598,4.431258764954837,2808.0451121060664,Commercial,275871.01135138725,1.4677445626927055,9.218533142547221,0.9639263271480027,0.6070581217064678,0.30059758820618226,2.7113847662134942,393277.29
1599,4.7400833550233115,1923.648950709796,Public,322282.06404698465,1.3699461369382642,19.562621500998933,0.9671236838761643,0.7758911141970518,0.43804412806170057,7.093366166329456,345202.86
1600,44.76244829587385,3342.1695721830265,Commercial,301950.7393306034,1.4327871876124996,18.621083700634223,0.8700501877410591,0.9895766198757443,0.43187508768250166,7.414777018539384,492717.51
1601,9.997432573577774,791.9953625284323,Commercial,268882.2659912802,0.810950306715204,5.4502481311367,0.4910600326381765,0.5367223455028807,0.8019836398726046,9.86846626241115,211297.17
1602,16.506892324718276,2897.2993425134337,Residential,277219.7618402301,1.4537011570500176,6.995652726466935,0.25814712880209845,0.6419586998322153,0.5467393093186432,5.871711846306896,438962.22
1603,11.719491910235908,1007.8247413782861,Public,129385.35969254878,1.3668519700816733,19.027257763253193,0.655054985413196,0.6214987964304148,0.6200825632142744,3.4423211352255074,247137.84
1604,18.072317138680898,1465.3510092636784,Public,415729.8069371057,1.3860534000710891,4.718668471809449,0.646945155149787,0.6242746553755898,0.40403689132893345,7.1530526956555605,279718.0
1605,3.9364802159316215,1171.6780215855579,Commercial,293792.1439734569,0.865301169305378,8.690245378779363,0.8799806136876764,0.6893531787826886,0.5834979272138634,9.814382376998092,242151.61
1606,26.193459649959383,995.9051213572038,Commercial,108985.93776711638,1.3171446202430184,25.22212088440207,0.9967928407568842,0.9090548923720838,0.37223986833408523,2.594925174421846,236413.77
1607,3.8468218978146376,4145.983662647268,Commercial,394770.6957122501,1.4719416827494638,10.48565367404752,0.6065258452481181,0.9564293449821937,0.6731303015220081,3.933981266820424,554103.21
1608,40.117647137206895,1499.9670815383627,Mixed,469599.79026980785,1.2749831389927124,15.153744531820225,0.47616322483182744,0.6011075437294866,0.3685568557679991,5.87692858395413,296531.99
1609,12.068748054566434,4642.906531135802,Industrial,476288.10465663293,1.1993929832372245,28.29306971922937,0.3487213692450136,0.7714749689740563,0.8533558668212093,2.5319317139380435,630125.49
1610,27.230589772923274,4852.639974191436,Mixed,216057.97958502773,1.4619407744242978,7.587323576271443,0.2038398598538966,0.8184494860827402,0.6966212022783427,1.199985755679445,617363.79
1611,44.063914834292184,2899.176302691777,Public,110982.5931023393,1.1100559852141052,12.2991545033823,0.6072909539911033,0.7609137371819225,0.8067775116414617,4.032848101971256,418094.61
1612,32.71842976783611,800.7055010620594,Residential,283279.83198487933,1.219505496417335,18.587275490762824,0.6444149333620766,0.7170381970984598,0.5929614706568787,8.788337213509521,244701.79
1613,26.881410434291098,1935.2863925599481,Industrial,100674.1532071493,1.1334368054460564,22.904828955615194,0.859950783853918,0.5959877529296189,0.5670439052695591,1.3912155939134334,318518.89
1614,16.554520779211092,4008.8880904062485,Residential,470294.33833067777,1.4529923549522095,27.14794821466845,0.6036615743142405,0.7441096795996193,0.3687462223342045,4.860361531152257,571408.06
1615,16.9835946963808,1900.2145706156452,Public,132610.83230981568,0.8532593087358551,27.548716639631937,0.9331746789328452,0.7006074138556644,0.6666989249299757,7.859806956334742,342422.63
1616,33.63960428231041,526.3843696836648,Public,163744.63697802383,1.1507837905777438,23.522562156806064,0.7024667812571483,0.8977816812511348,0.6601515153999644,9.578643372197968,227248.91
1617,49.70989838044779,2828.2460635481207,Residential,232986.4370982367,1.280866708969807,7.621594261206003,0.8722689905768666,0.8818021795814976,0.6276714311147238,9.86927859103989,427857.06
1618,33.261039897544244,4241.09217233057,Residential,222424.0108516066,1.3543345768955657,1.7194705712344083,0.3186413878461977,0.5669993406028353,0.8183628552777145,4.797724425478675,556074.09
1619,28.110279159816233,4000.0392970031617,Residential,407598.3015790501,1.2081130532108955,12.12944398031309,0.8842689042418519,0.5442595262815337,0.8827530800226482,9.553458649412057,553568.26
1620,36.66720025684268,958.1033866387309,Public,255342.56924793305,1.4362424208850177,5.104916678646877,0.7401150835550787,0.9540769716137515,0.8255527724639555,1.3187707595277738,208739.58
1621,23.52767780804405,3396.546610621087,Commercial,126845.7170015016,1.4593940128187102,21.601241775710644,0.33618642595066445,0.7677541944822488,0.40070601996479066,7.713252441987007,522325.13
1622,3.4770459587388682,1180.4708908346709,Residential,170244.45296873333,0.8450234562355086,20.172787017945787,0.3518108465168087,0.9289004686412954,0.7354416564974756,6.784714311702516,268724.06
1623,28.333692385956535,1169.2169193056438,Industrial,279101.0233343849,1.081659377678962,2.27517760702219,0.9412004952353772,0.5290755602832006,0.35622617398267337,3.245696718275371,200681.95
1624,47.90245158301632,4382.951689195407,Public,116354.2628417607,0.8164213152048081,25.261219594797584,0.2257722883602983,0.7632578082608151,0.7862356012083336,5.56586650611684,596424.16
1625,9.177495646704152,1323.3778684271279,Mixed,325245.05404070637,1.0305916601621101,8.213554722444286,0.570027954636565,0.7697132572881182,0.5672873675927886,2.1659836398444607,235367.88
1626,34.65524209562295,1389.911997938255,Mixed,304586.28794801567,1.1758077525794215,13.534585189240225,0.4507802319472813,0.930351016271075,0.3927492693864006,8.84437435856405,293419.69
1627,10.446217588623295,103.20161473036782,Industrial,371616.04237201595,1.437556451356964,20.37007832821653,0.7320619519987426,0.5488049991148538,0.9034355998832895,4.221082769910831,170148.18
1628,27.02347038141752,4366.278267215037,Commercial,471967.07692071545,1.3925880257257819,13.453144818715346,0.8717035100551935,0.6202227818379547,0.7298058373272561,6.634400234191449,584790.82
1629,5.285484257512621,3983.7145847247602,Residential,460514.55249552004,0.88924980867039,13.797346281198358,0.48830249724525565,0.7032691569435066,0.5483074775632693,2.4289865765853604,508893.17
1630,22.793361344780166,3173.9117819443222,Public,475734.0281309741,0.8651212623186271,2.9032118647364706,0.5415216698582698,0.9329207377099711,0.3215090257553497,2.855483601680864,400928.88
1631,37.93008478031468,3776.302243300327,Residential,160122.01866066543,1.212487137129667,12.64186292854011,0.9855342276011314,0.9694416575352836,0.6761171813025273,9.927607337228368,527137.27
1632,17.704790449829613,845.0379803800098,Public,109204.38798770958,1.1724825807211479,23.180588903379522,0.8271332077433622,0.996362309796814,0.9462581149403628,7.7777775499719635,252494.86
1633,33.41313036211729,2345.7856134791195,Mixed,186024.51522340183,0.9864643490010168,27.540113778411335,0.9177633047454332,0.9795967432292607,0.717465882891656,9.657746827966637,404099.63
1634,39.874773059091595,1820.9749980090264,Residential,452788.3277448416,1.4296171591876847,12.991416974837781,0.5510097765213038,0.5029708779221772,0.9801554232336451,3.662660486908397,330962.25
1635,46.39530206423291,559.5049786593809,Industrial,487424.0635805697,1.4491564866230875,13.283988979493287,0.3872609631872922,0.523854170726936,0.395515782789321,2.4810658895783835,193698.69
1636,12.11478305184495,2482.039377553128,Commercial,436696.2279817142,1.0818280068381139,21.37618608338591,0.5294907723091613,0.5738034095787943,0.6978135732163857,5.527616171309479,400763.86
1637,20.26613783256075,4611.624286678913,Industrial,99507.97450739463,1.4232117899794643,28.34038803205302,0.7728735342652109,0.6744310483851366,0.8586875336045006,5.452014540046091,640251.72
1638,8.044592659855663,296.28968334840295,Commercial,476342.59912690695,1.0687642259840808,8.744767266941446,0.2875443238687835,0.9149590154934794,0.6678785117880013,2.574518623821891,148154.85
1639,49.62793335683957,1528.15847611959,Residential,240511.1123078537,1.3157717822807902,13.764181989600168,0.4163752844932071,0.9463280976677402,0.3637464491912308,7.598976126232692,308925.06
1640,46.38654791225262,1116.9505874079468,Residential,54189.63084305915,1.133159552283407,24.083224063016733,0.2373087203692723,0.5934172031472915,0.7080202010830523,4.255997809948607,274845.45
1641,27.2278779488877,1266.918602961912,Commercial,249077.18333668713,0.8858082095550281,18.681113511847116,0.5458781906705052,0.8098320758098543,0.7282165340897302,2.6772870783746554,249931.14
1642,42.18064807163285,4551.329304208939,Mixed,70731.12635396041,1.449553940865915,4.207003974954687,0.8619565887836906,0.9586809925326383,0.8100964739327468,3.9878505508895956,576308.43
1643,26.287419874966087,2393.5383657480215,Public,294745.0645225029,1.1178676153642757,19.204249331305707,0.21973095063840864,0.7318658679656604,0.8328480606158317,6.072928296715136,404089.8
1644,31.367491556136606,2384.867123405112,Industrial,202349.3123466731,1.3141409282256826,6.4156422533224795,0.7402588214457329,0.551771785976392,0.839540881747425,7.538238389623989,379301.06
1645,4.911659389742822,3826.820648030883,Industrial,263045.72011732194,1.0570216701019046,15.796262088273721,0.9459966996109916,0.7289068250423125,0.7644110755472762,5.3370179745173605,510705.38
1646,37.885885814591994,857.0117996241364,Industrial,325926.6623344027,0.8132166150033643,16.343994762152718,0.38954228920894585,0.6878974511440286,0.45106783049306065,5.730354908455362,215047.19
1647,6.821817439944124,2487.600235090249,Residential,440960.49311801913,0.8703712510842851,26.40989750452456,0.7549078725821186,0.7888289980330034,0.5829650290876356,2.2505134234847355,375379.85
1648,41.390347697500154,2206.9275491931926,Industrial,347855.7094123679,1.147353635642947,14.412333946360706,0.9800815208801603,0.7193293422035518,0.843290980830079,9.23221832237409,370530.32
1649,39.2103903396841,3024.862383678615,Public,245321.9908151813,1.2829750499884538,9.103830244840932,0.9698224481219706,0.508672963426859,0.9673988883805693,9.3585177819284,451893.2
1650,35.58286253827733,4997.832745927149,Public,418742.5341516643,1.0343147286054954,7.6980240982649155,0.3879433544233146,0.9969988667068356,0.3552628753856354,7.150839313762033,628128.54
1651,2.2899388359757245,3870.2995810020307,Commercial,457511.9619079095,1.2868419214243554,26.35330442384575,0.280264842569655,0.7717701188652855,0.6748756744580364,1.1586826804062222,544960.09
1652,15.504853619293765,2049.5419447853933,Residential,103891.98489448875,1.2890449126023693,5.959314778128623,0.31862603031673276,0.7368153777423048,0.5187655899270145,5.833667943129934,341318.54
1653,13.524072210586722,4155.009956142831,Public,289369.8398987561,1.2927551351294815,13.350188265611168,0.7616285347857137,0.977308685752027,0.45777572602178085,6.662970748797522,556475.68
1654,18.326752169840194,936.4709802311529,Mixed,178030.38188409986,1.1447652978143559,6.428020332881463,0.7806071003626205,0.5779301837935386,0.6540674784638005,9.95188800662299,233167.69
1655,4.838315964810008,249.27206291390462,Residential,71177.53904462633,1.4404203050850528,23.425817163316886,0.7393892493025593,0.5946188012726241,0.7242625383895757,9.96460259675317,215928.1
1656,46.87941224003761,1101.7970250749381,Residential,350846.0128012934,1.142437562586431,14.75680655926395,0.4688627101937905,0.9040073745313917,0.30684056199363685,8.718501117930018,262497.68
1657,27.913210915262624,1768.0166249598724,Public,438246.8498566515,1.1151856354476468,11.183167026147549,0.33582155180649775,0.6304155400125044,0.8461446005408335,1.5744789282350218,299660.07
1658,15.623453377572165,2601.8457115518436,Mixed,123306.19451482732,0.939566573307439,11.471889578167538,0.6646088735618025,0.8996135531457634,0.8739174918816133,9.57948751700857,405547.54
1659,20.15058509517703,3114.1327886518793,Commercial,415586.14593075524,1.0153585611494356,25.714211994966405,0.5869443566062933,0.6357667414542513,0.9758575771975531,6.513951224367992,478096.82
1660,22.636525754989364,4561.968014350667,Public,434028.08009162376,0.8296341447628124,17.059444674538703,0.7830673176978429,0.5165938151125007,0.42645061325728645,8.207980934312616,587886.51
1661,30.229419501350556,2598.2846467972427,Mixed,461453.19919991755,1.2434747055313191,21.818167682806646,0.5530880629484971,0.758507361943358,0.7161867936526636,4.664735647172682,416697.25
1662,26.02613167097664,2556.250658666074,Residential,169378.2900887236,0.973975020748965,27.01411697126985,0.4709117557491747,0.5983432170634306,0.5986377614334761,3.877025241111308,405584.59
1663,46.00990267411366,346.19074813261244,Mixed,456778.8793354502,1.0129086781398255,27.15050860517862,0.43478286188721155,0.8789231464662355,0.5343794960887455,5.169197309354272,193070.72
1664,25.0996924038386,271.0666080154966,Residential,194298.2396313945,1.339570165165025,10.526762575798031,0.36917625603979726,0.8205998166160741,0.6959434160062532,2.3218706167194423,159599.96
1665,49.61182173375398,2800.683813390223,Public,298552.10605497623,1.0290548282130176,28.621086631245173,0.41259710094932917,0.9618013339889588,0.847668165256485,4.213595248779755,444417.61
1666,42.64553540838224,2247.075204916888,Public,72728.36187452696,0.9695371244091996,1.721400578423558,0.2758643510752811,0.891494178632868,0.3161369484116471,8.718557497914507,348262.05
1667,10.821270460688122,4211.983935403463,Industrial,69746.48976593462,0.9183404243935941,11.928231269468805,0.47748560874311163,0.5903879774203634,0.9785800787963306,1.3415543763479334,532918.5
1668,46.56446312487385,887.3299650880414,Industrial,374167.9457294913,1.3424008815273691,26.978166867756407,0.22925584989036657,0.9000791183323982,0.8669171099939974,2.35790242142144,262079.22
1669,6.260136695331067,222.36114437354303,Industrial,250015.99009000597,0.8907943805930189,8.964469514692505,0.34913107773306146,0.8208685224070116,0.8258075925519048,2.1260454368453696,131374.14
1670,40.96376057031399,2300.289962857617,Public,165331.56891614792,1.1176276321752474,8.919362059318232,0.7974163556955434,0.8344758208803125,0.8322711675263523,4.627679884302053,349616.52
1671,19.340853027090713,1263.6449280860618,Commercial,135686.0732112096,1.1548510812540362,9.776046267374772,0.46037519094129814,0.9161314429850744,0.5723424967330568,9.972882108017755,281169.68
1672,43.95972886203094,343.1104293603035,Public,351479.07088664814,1.2811729388800002,18.757088160560745,0.734589613581875,0.7869120345944701,0.8261343855913696,2.5602213719024443,173187.3
1673,43.46880616031879,3650.5316055533817,Mixed,50180.694811402944,1.2432984376330969,13.71165049281626,0.7735073404778219,0.7330017571765064,0.5707391460220703,2.3093438463933413,484397.3
1674,40.39330730582225,646.8056997905127,Public,412651.0261385844,1.3675044710616224,22.075310254246936,0.6649482741856909,0.818320517679364,0.9290947807023551,9.23550156798539,252028.16
1675,39.60650659719954,3080.765550038081,Public,85662.32275846797,0.8313260037483667,26.95240863437531,0.9669581930923188,0.6489787144791795,0.42405566831452873,8.938454652693691,457717.88
1676,15.581617385353018,1477.143775817757,Residential,136170.32670865377,1.007508507345578,20.551781873342957,0.2171518932984906,0.5912985655435496,0.504643196950606,1.29016332996899,279223.97
1677,4.505504511036983,950.1306467396079,Residential,223806.37788459033,0.9960938831427659,6.92953488572969,0.7909221204705137,0.8082939190356232,0.6859362798893532,7.765353641613835,217498.56
1678,20.447518848875493,1960.7824623046556,Residential,268186.4328722466,0.9022118339144758,28.047775168454564,0.9670293151523264,0.6169241845427389,0.5234477251210907,6.899191313287866,343231.99
1679,9.089463491832179,4027.084303492473,Public,209747.80211627382,1.00242477769951,8.670293327076877,0.8898173834823515,0.5399575546733033,0.5969660717066914,7.909667288674381,524970.99
1680,34.90007890067186,2021.2585268324062,Commercial,194320.47424293225,1.0168357199000324,5.3469345645165856,0.33431415344401066,0.500277092292627,0.6446958825790162,5.4505220931633,323776.83
1681,17.631936463620384,3778.771281134173,Mixed,483762.2054329348,1.1653191233492348,3.609051086967866,0.4614562450013857,0.8041597007000336,0.8994473441694559,9.92241296603466,527124.62
1682,48.792704942565784,714.8828543158384,Mixed,338710.8565595274,1.2645931352483792,17.3381284793188,0.3379614719011723,0.6810743917401184,0.666234577526085,1.3946231683986687,209576.64
1683,32.22811782859394,3886.5799563588876,Commercial,60544.82991532469,1.0667703595282698,4.2991114119389024,0.6810466910517633,0.8761554853367279,0.5537218940301923,3.1093442776342517,486775.28
1684,41.21278789990087,1260.9732920425784,Commercial,243579.15879994092,1.3036291619193667,5.024500639266292,0.7697503855835939,0.6875881991565512,0.473415314824581,4.568913882762535,240557.76
1685,7.0599713007214975,3419.2263364554765,Mixed,443753.9148847866,1.035315737005706,9.700883937269403,0.45365901549044657,0.7430017241191134,0.586073185154538,5.048001474091328,466443.65
1686,43.16971687249482,2872.329618720882,Industrial,185655.2838848006,1.0031985741203322,9.16793728084945,0.6316052591874364,0.7035424864076925,0.6610152730900589,9.292306624295668,426470.32
1687,46.17648093041302,4652.809114337268,Residential,92550.35514847471,1.1788316390999172,18.522945799632126,0.752736456056956,0.8252873955546731,0.8222804000422654,6.04003927669533,615338.15
1688,24.60956498153733,1997.8803380790387,Residential,391273.147215463,0.8166014522140534,24.685613104707762,0.5370718532888388,0.6780695810074842,0.38473414332063705,1.405998959683545,318611.56
1689,30.509520418673382,424.2094252887582,Mixed,322706.2243712366,0.8558523865438002,23.07914002988388,0.8832124243643675,0.9818838249711545,0.4551264317674056,4.6707666708309565,167334.98
1690,38.35808514469827,193.86187920113923,Commercial,306640.62852192676,1.0925786805105688,8.612049186777826,0.8172399482302537,0.9680734932992651,0.5657578111080712,4.748413711321629,131791.5
1691,9.154512049390421,4151.60694876649,Industrial,74109.45182333357,1.4600388979742296,8.114004441593417,0.25173243508045656,0.9240139513286407,0.5522788835836602,9.689418445940063,586331.93
1692,25.3770207849404,2671.2046245410174,Mixed,113224.5544079828,1.3050582458903965,29.00795437310206,0.6969002392726633,0.960150135286374,0.5742236613236482,6.392773819189974,442933.19
1693,20.233819874729498,3898.6958539912516,Residential,330147.2282959012,0.8616885986503905,1.2388510061668436,0.3882604407677997,0.7245698442296955,0.8554648852482272,6.720859640430449,504514.61
1694,7.745512612031331,1248.685440056422,Public,143520.72865647613,1.3924226089466116,26.51189545874626,0.6460146117338202,0.7682151983947461,0.5269080820735211,7.419277281261437,305775.37
1695,18.692953903430805,1790.9103530148452,Commercial,276831.53588679095,1.3126105394257266,6.792127054549744,0.965510754106373,0.8710462962791222,0.6513287262818652,7.930353841139109,312033.15
1696,3.8745293145819315,247.5089738354628,Public,295196.75871322706,1.2276625679918571,28.471245369603267,0.9032496036418001,0.8480729624692706,0.7367349230005276,6.7154596318224025,194293.89
1697,1.7776893939996057,4811.31239041315,Mixed,177578.23562192274,1.374205072426424,10.926911259998072,0.5236131224921055,0.9453392978027354,0.4625249851285236,3.1347491602054194,610920.41
1698,7.1907313131637265,3372.5527428339856,Residential,476791.3199936718,1.08287689342007,13.770201442904316,0.43321108667548275,0.8581655136283477,0.8030867710032772,8.866413229070478,496336.14
1699,48.174198023664104,4672.704930020601,Industrial,429108.84807600884,0.9550507355976969,21.50649780438705,0.38752459552660723,0.9989423541142303,0.6829779238167967,7.589078203695672,628034.11
1700,27.70171202680334,1400.9323964024543,Public,375068.07843475934,1.1584163723761316,18.04240249272455,0.6260118958052161,0.6742528999157955,0.6127468141219645,7.676834365872603,295965.1
1701,48.308196977084386,3096.171695005738,Industrial,85097.23988423409,1.1841892289154317,10.220240561497862,0.2913987626064451,0.916498871119709,0.8668488187168197,9.969010653112743,477708.81
1702,21.908644977341535,3424.649844633925,Residential,97758.50868905874,1.1768284604069383,17.06109656016688,0.6394200065025989,0.848817411416332,0.47044668142962737,8.222738813769844,496770.98
1703,15.93489858772035,1655.9935312621833,Public,271751.60563923005,1.1955516540360738,22.1904996465237,0.20106691159263362,0.8456932226075093,0.9182231794300262,8.462362628396379,354407.55
1704,25.554022210592084,4255.735251576587,Industrial,122321.00713594355,1.4640934427674266,2.227713431172271,0.4590797045966759,0.6629177974224995,0.6927341147566926,9.562649641391426,581134.44
1705,22.255828587329052,4741.091168211215,Industrial,490219.4585882633,1.431571936167362,1.3247798524154195,0.37594745106446503,0.8928008962115113,0.7264224155657607,2.360205998640045,593407.96
1706,5.730401870956324,4435.790076710421,Public,121334.10531233426,1.4130019255912576,14.283941233113849,0.9769750319686257,0.9501880111737996,0.91254127491826,5.4795463883026105,589129.37
1707,32.220902577165205,3721.4281821029253,Residential,269360.5259587883,1.360991767636039,4.823261916301911,0.7817938556559831,0.6092742307602814,0.8723078814945351,6.225103212317088,504959.44
1708,11.19389003422518,1459.5769306522748,Industrial,213854.47557867743,1.4603996750856998,20.26598445247672,0.4797227043697902,0.812748418558352,0.7210934481753302,3.9634815630021185,309347.43
1709,31.169603767442563,1479.9186063175955,Mixed,337723.88965434406,0.8689462491755823,7.207521230595591,0.27427606922449643,0.6960674145513877,0.8272313926937218,8.55463009505055,286950.03
1710,32.68495407370859,4820.465570185585,Public,108066.3840002412,0.9855862830120177,13.552682097074458,0.6134404757524992,0.9947740596474386,0.6033236431630278,7.861776594811511,621404.69
1711,8.025230229868082,150.39403008489094,Commercial,243642.3926190759,1.1465391619582095,6.7324571693538,0.37075830506083385,0.7394164079158407,0.6831644274498223,7.487947670573116,155810.02
1712,3.536806541978074,3608.644868886508,Commercial,173617.26476321463,1.3925741451863836,16.906023986724612,0.6291436367186862,0.6141600868984713,0.3434490956959578,9.9743449578235,532166.56
1713,39.14769851038777,3560.6061965207846,Residential,449488.1861022596,1.1536159980659129,4.365550322152498,0.8682898833431141,0.6909288126109163,0.3629005426000328,3.334432360675515,450372.04
1714,23.260120976581348,3151.1787506540077,Mixed,68263.57046061278,1.323624317539112,1.6700987308369275,0.6926340416811083,0.8269191949083131,0.8805977829304323,7.619115265078792,449567.45
1715,3.3791078775210517,4951.533345825643,Industrial,461177.37230290665,0.8972719336742414,2.4828175050942183,0.7070307356360017,0.5380446856747881,0.34177015897774765,5.962640274153106,590417.38
1716,49.745882699903476,1628.2092352422537,Commercial,424847.3623488502,0.9766896690835922,28.67349480394399,0.6328242312502492,0.8018009601106189,0.41857938794282507,3.8169026424448846,307495.66
1717,3.3601377693201484,1765.862132586916,Residential,183906.82239836696,1.3122432665263708,5.1263003397171385,0.9418125061051275,0.965612379589449,0.857082861265309,2.4452818365081326,283562.42
1718,34.90424382849838,486.80307443812217,Mixed,405180.7946046971,0.9153138062214069,21.54586934096822,0.9455221475364828,0.9251813938289253,0.3008021654397794,9.062954533607924,190522.81
1719,49.19210680053897,2269.7108690643136,Mixed,64046.102152436404,1.0459491542584487,2.969859922461961,0.6101785608588417,0.5338367683289917,0.497683030192105,6.359099344370608,338654.4
1720,12.339415158688318,1379.1377785507557,Residential,485089.49763202714,0.9854063804695,4.136650214820283,0.4446075897148036,0.9966949393695341,0.7088270604786352,8.424404538767153,268421.97
1721,7.54134375001621,1782.5948406704567,Residential,286967.7241654052,1.044903185955735,15.757411290870706,0.5676696047035552,0.8493634618519396,0.7168149520285076,5.908104856013904,318869.67
1722,6.50855450141023,4189.401772252575,Industrial,186476.46172945038,1.2958268343545791,14.481256974475967,0.34924632975649256,0.5811404121570118,0.8440070357606315,2.979793725886176,563986.94
1723,15.51211980459598,4683.874116284729,Residential,213162.44566760468,1.0574930267999607,28.59582897375622,0.7090754522544715,0.5062080445847117,0.6541483781445192,4.037939317902927,620463.5
1724,5.501767645027011,1010.0920528254096,Industrial,79882.40905722382,1.1886843258255582,28.400228137601385,0.6000738686257866,0.5856413181460757,0.6565813086716792,4.433849582261919,264546.9
1725,34.76198641385953,1925.2937646119829,Industrial,495207.28131891764,0.8699523139380868,23.608650633731486,0.28264038225062393,0.9190879603428692,0.8077174028784904,9.75641331253332,369714.75
1726,3.583444007438103,4650.289754365431,Public,67681.3753178116,1.3635123852642395,18.460953073693144,0.3581182248956923,0.5108196624725818,0.6490371242863984,1.0506995054324424,607611.78
1727,25.71639534341459,402.8614573771909,Mixed,344708.20541653654,1.0589220379536874,14.193849204397319,0.5837055649596214,0.6165736518090432,0.7259437605945318,9.870994207220564,197986.44
1728,49.83649426572235,552.5665877457548,Mixed,249231.16746790623,1.2539739113233397,11.329177495524211,0.9100711925750866,0.8786527976674376,0.9284418477785357,9.824154715988476,211006.56
1729,40.791528340547934,897.6758471105239,Mixed,477012.2981849218,1.3077727211632828,28.46553886229111,0.653112576504878,0.7930552679490676,0.5810157053286603,9.96535711477123,283952.0
1730,30.953362192435037,3016.542887221686,Public,160699.88313805783,0.9467626454781903,18.48435553131588,0.7452280001667766,0.8913678551800959,0.5695875496434555,5.289293610276712,431440.27
1731,15.659554228937278,837.3141279293876,Industrial,289439.07077210513,1.419272489467345,17.79310330289384,0.4712228397951278,0.873075251913394,0.3024842943053399,9.674280726588997,260556.95
1732,31.382843896436103,4843.574269108594,Industrial,267060.2938622389,1.231356976124867,7.725132531298531,0.6571291144353875,0.5253006935609024,0.7293983830648623,4.560392636648446,609058.16
1733,26.588552463626755,2288.9011835667498,Residential,366289.8998225456,1.1001075992260372,2.354236718668279,0.557903858110454,0.9462557095470758,0.3208403351849924,1.2366499660154804,314475.97
1734,21.59112750257339,2557.438005715815,Public,80604.60437858923,0.9276346285047538,28.41046881302679,0.7273039300985287,0.6135159171411344,0.6529039428098213,3.019124677345881,395289.2
1735,6.970163648639874,1308.6272174464918,Residential,137205.1085105097,1.4596106565308449,10.098322506494963,0.2404604528632083,0.7766962201148819,0.8629636523225586,9.507666204436461,311629.58
1736,44.3869086544031,2407.705236930194,Public,146554.16904178244,1.3285477428921375,13.835081676409303,0.5946401729911673,0.8221440782638894,0.6849447493637641,1.1238822400185997,366350.01
1737,22.764340116655465,3343.3767999213565,Residential,382167.8396787604,0.9456171939132743,4.324558363985498,0.4367941001151736,0.5843141054425477,0.4887453156516732,5.913947218806776,446515.94
1738,10.133814335127871,3780.7679710748093,Commercial,135112.41334703303,1.0363975423069571,25.270805567369468,0.46094804902232744,0.9881156283504873,0.8503178950145598,1.6804143000521115,522025.16
1739,18.704087868425837,3793.953605278574,Mixed,308071.29375093954,1.3667719806616514,1.8013231528219882,0.9687339452464492,0.7440779780436545,0.48880190285777714,3.5775692058482065,479941.99
1740,20.99942275018189,2931.666452201033,Mixed,146859.71922542917,1.2869743642507374,25.1857321008738,0.3461558501691062,0.5288213477986967,0.8131222466621291,1.79283565640698,452732.71
1741,41.46312583056028,4531.3628974699,Industrial,437731.2275377903,1.3360490049010072,5.068265370851037,0.44899620206287755,0.9686310223889202,0.7271809186331619,8.735757590017506,604842.91
1742,36.8139118377894,4105.298451799936,Commercial,473983.45452033734,1.1088407715490527,26.71035926630341,0.6079140605846974,0.793133921596634,0.41899740772360083,6.319636386829353,571150.96
1743,38.58059223524632,3809.5357620232644,Mixed,283321.8387240082,1.301533383849517,22.163406482748563,0.8904215585196991,0.8495965989906882,0.9335937123909299,9.118958191464817,557922.43
1744,1.0460475892180372,372.46705623425703,Industrial,208538.9978941302,1.0705456060047396,5.775437612711848,0.5333360665650964,0.7625878949671121,0.44045057807003696,7.195178795862055,161108.16
1745,21.099622909898194,133.70201487628162,Commercial,155325.9987578746,0.9478840418567376,17.408721792924574,0.795092224710537,0.9173689773884838,0.9927109518984689,9.739262181205897,170288.22
1746,24.32653550594852,1140.9916582578176,Mixed,72401.4506853697,1.242873924388952,10.067033116301364,0.8850992785718419,0.5165667310966054,0.30511734205845853,5.588898892843659,233868.23
1747,1.450017702741306,3351.265610175916,Residential,170825.0342888729,1.483209747919156,6.16875986843592,0.4480130846574792,0.6341891826385739,0.4844383640000321,6.748395235865871,481615.74
1748,13.360753832879194,2114.8676955244746,Public,344406.100975393,1.0174206799767307,25.916283782922143,0.514200146830968,0.734824178201346,0.43990220809193914,6.186779379001509,368509.83
1749,38.13434624454568,2071.7906705666273,Commercial,290127.61908914486,1.1226787145487778,12.702160228709653,0.485244978950685,0.538301808156855,0.3097953871193238,5.358343865019514,337160.22
1750,7.286930433585453,4434.475752325107,Industrial,474818.57522641734,1.2718009597488975,12.557767716596093,0.8662846468943368,0.8529533346633291,0.8126575301031209,8.613634288807113,595485.42
1751,26.997851506903288,4488.25795584601,Commercial,228324.76812126525,1.1790543974857415,5.92671356939198,0.23547748956288095,0.6968317070278204,0.7853980614697174,6.8007262210332415,592287.11
1752,11.152492664853256,4554.95879386257,Industrial,362238.50404777756,1.3903994569963345,12.108904606487581,0.446736871062944,0.6363339951340721,0.8546456750484512,8.211810383699255,623999.72
1753,1.099978344872717,1638.0025749236338,Commercial,270195.23636380467,1.333219894528661,26.276888543536653,0.743526846076104,0.5016894234042062,0.47968898252519565,8.077275429421718,340689.87
1754,12.439472151177304,3486.1734824223827,Industrial,280659.29716589523,0.84080804270365,11.530732604199441,0.6523547996522742,0.8599151558749769,0.6110346169580789,2.7194064458976577,449973.76
1755,48.80575086804766,1431.0025882444113,Mixed,170498.4415718529,1.4988948637466417,28.596503312493855,0.5490314874349554,0.9169046544364309,0.7613794651350831,6.851471792658793,338260.36
1756,40.17608703820798,1033.9881820648038,Residential,254727.84957889986,1.326681717603627,28.442958077043237,0.6319585817771075,0.6975202678407493,0.6078379527217005,2.796832172632007,263812.59
1757,47.999043893891155,1004.6990410021092,Mixed,261853.24865571826,1.4047323214058793,5.202061119913035,0.35806766866265466,0.7821089885166828,0.7881280392225409,6.249884304193937,247392.77
1758,24.64877517435494,1776.3273422316108,Residential,367989.1347870203,1.2558383984667425,6.142026352156702,0.5445732972864084,0.6138433129647992,0.7437813859083094,7.096912160016704,316735.68
1759,5.931941834536423,2206.792336921126,Mixed,473287.9996337512,1.3993995896327336,26.017548039624785,0.6013623873410793,0.8110988231400665,0.3802534621155235,9.975115644288282,412128.76
1760,27.623994704197802,4171.650938169835,Mixed,198194.57486712694,0.8786680824500966,12.390066648816857,0.9209512975636813,0.5060687291576003,0.8467301847538775,1.2748778033476453,511558.44
1761,22.991678060718062,687.4663580162893,Commercial,68990.2108615843,1.0434164848915208,1.1268454862072708,0.4086681302431811,0.7443219485493793,0.8044734513647627,1.8211815470234884,166106.51
1762,42.29567559561099,3701.1366522349817,Public,273332.8064752879,1.4134946605231449,8.942282771455758,0.894262801731946,0.8221027409203461,0.7590840713321837,1.6932402673410833,485514.08
1763,5.355087748820107,2704.1290795275963,Industrial,295007.59946712584,0.9411586478868246,18.33124080267124,0.7153931206607855,0.959095886614867,0.4085655243897016,4.58525157640066,393770.32
1764,24.66793628257802,1510.9321791123632,Industrial,125798.24800936187,0.8547694690060159,24.178713012839072,0.2162726648540808,0.6906679085611421,0.48759751415675456,8.394295253372324,317422.85
1765,7.927408902352221,2514.8159642108403,Industrial,392209.07282423,1.3516832579616533,4.868269895704527,0.7797050695195149,0.8825951014905149,0.5752239221113202,8.596506995084221,389902.47
1766,16.57145838105797,1569.716141907411,Residential,493218.0987986712,1.3848403089503072,4.2056995680853255,0.22844150203924407,0.7988435149717503,0.4959507351595104,7.632816361490365,305860.29
1767,36.99917533069608,3020.8015806676995,Industrial,475598.6226538074,0.9138565527329304,27.740686953597617,0.9979049014510506,0.9635060564625403,0.459467203473292,9.071904176469529,457884.22
1768,24.062897403753944,2225.8352219906965,Industrial,138697.7174706435,1.3980421879479008,22.783302666854897,0.8981093501529582,0.6991888378297153,0.8637503691132429,3.9057394975250728,377910.12
1769,19.10647011471558,905.5870924865058,Commercial,443913.4579553423,1.2807374569180188,18.103608422564275,0.43787499803203656,0.6595476699364939,0.7467625724521416,1.7933917982706922,231581.14
1770,20.026575789216746,671.257065322914,Mixed,367022.1363852581,1.164057878251609,23.306416909881914,0.40592898415736434,0.9435709993470719,0.6958304920851752,1.523377251908651,211305.03
1771,23.24261503609634,2778.8088421534376,Industrial,254230.9537131102,1.3811751349469694,13.436776477892515,0.5051528656844871,0.5246222007041446,0.4581668975972777,8.669194476574477,441168.82
1772,39.35831891993431,4521.823863101907,Public,293274.94744612806,1.093474474523276,22.99521667196467,0.4849335722515544,0.5681926964668385,0.9426535935880489,7.573926649183221,625034.58
1773,44.658192102541605,1785.392664132659,Industrial,432320.07874210615,0.9357957693563781,11.782286746961537,0.49787025470830487,0.5412022172920222,0.4338281273681214,7.287537754100088,309100.75
1774,47.78906698194445,3691.7005253908537,Residential,266060.7228372679,0.9993968736274296,8.07874260228547,0.45462123689558437,0.9215549782882013,0.8564656529772738,4.057087046911019,489082.23
1775,39.45171761963711,3327.440639204858,Residential,217943.31609730708,1.1536148128053205,22.14138921749609,0.6969067254786652,0.5053037116851598,0.9766708666937052,4.419146697564036,485441.92
1776,16.112641339526633,4664.619080116457,Residential,271961.3718616936,1.171931554871223,13.170496472560782,0.3314109309764992,0.9308285777485241,0.8089649104569652,9.623021760093874,635758.03
1777,34.562667951283835,4122.80698476579,Industrial,310608.41181577207,1.3639065785088635,29.45993602545965,0.8767850339568106,0.7256338976856334,0.9950011426292407,1.5742426968814152,570876.34
1778,22.1613546407419,2876.3657686367687,Commercial,135084.94420025698,1.353946906556634,11.135070286934928,0.8499219872250523,0.5020126394269854,0.7557357818845627,7.963585632440133,437046.54
1779,13.106195791279534,3319.4494413471257,Public,455408.4786201458,1.2069565900432024,27.730095195400914,0.5811865662842164,0.7008225886060209,0.45222224052272647,3.7866999133755384,488299.9
1780,42.12314318158317,4502.093686261771,Industrial,353384.1269733262,1.3465498383558334,28.055913908445305,0.8821839722228382,0.5934004205225178,0.44267364560155786,1.3514915657130047,592809.75
1781,2.4021042736350875,2057.6420444759806,Commercial,334971.01280187,0.9342414208055697,8.013735464877637,0.39771605602423465,0.8122002437360816,0.5271949989788334,7.683130996682104,335533.12
1782,45.137218610703464,1701.2940587031092,Commercial,94773.30178128715,0.8350451689653061,24.148414266052388,0.21405236456317356,0.8396793949608232,0.30499101415470425,3.9782069711053714,309747.78
1783,23.34313449892434,152.97430981246205,Industrial,321878.2721776663,1.41154367584429,13.559160649192389,0.6953663400238584,0.7437637852024999,0.7771889290579841,7.4993276686851695,175182.17
1784,32.04147310200988,4150.100263538175,Industrial,104432.29800732154,0.8528881456339388,27.608217089680092,0.5663275255717723,0.520259762719835,0.4880674492394793,7.368889448063081,572488.37
1785,33.13801914918624,4024.805431976488,Commercial,85413.95383792958,0.9726819008207981,14.053603906421925,0.6537316370366966,0.828064402183601,0.8706282626049269,5.813081878898036,536099.85
1786,44.80832816497355,611.8271386907418,Commercial,287289.90303907695,1.2867232647370692,22.58480780278362,0.9194715272147225,0.9210193918027606,0.5514208553915101,7.996358162894939,224124.89
1787,32.01514926727676,2926.6011675502314,Commercial,231253.49032092275,1.0866135563391164,14.542054865750139,0.9759404588527547,0.8601621386632008,0.6359695454243188,6.229344917541191,420663.61
1788,30.889712445623058,2373.510321017748,Industrial,314964.6215703004,1.413419778940856,7.60622191567283,0.7075625118044824,0.9149789594776593,0.9759822415922583,3.579731675634346,369441.22
1789,3.799276007754153,681.6745679946462,Commercial,90149.97562575736,1.0085858562635888,6.7811537393959025,0.8112444718819507,0.6002547617754437,0.46952048613309394,7.607037709579771,185243.94
1790,26.1611970862876,4904.784312597545,Residential,243942.37828126628,0.8083099426685516,13.33750463343402,0.26704674678973145,0.9444439698282413,0.8048778682008177,6.3022583428995125,627166.7
1791,7.933365540443562,1152.0098485704416,Industrial,128654.02177032108,1.0104589483925208,22.90934505341223,0.3285724679132045,0.6610967253239814,0.8285824525137919,1.114545535209285,253832.78
1792,37.002971551713536,429.4474824437496,Residential,494195.03866585245,1.2046525344293821,18.547073070242238,0.7865638439623812,0.5067024071259956,0.4546987102665446,9.114797599932784,201367.52
1793,25.854985080227387,3014.752159559357,Mixed,302517.5955958285,1.0631568627823054,20.970249407115755,0.5450923651104016,0.9216958231645354,0.650697785628537,5.910792564918821,452800.21
1794,34.171275070813486,3720.44671795186,Industrial,359346.5874233903,1.1744109290311286,9.187464171226331,0.5567722163235246,0.9709106344823634,0.5451413477190779,8.817645389315786,517437.45
1795,2.562808579818021,258.9728856312161,Mixed,196438.22630717352,1.413618683184513,14.96162503277056,0.4468861453083493,0.8277790987086744,0.8403343703800623,8.944631550840203,204625.88
1796,4.697204794267259,3327.7164297624086,Commercial,92632.51165070487,1.438739537961258,2.287462684110483,0.685885106782195,0.6157183152317123,0.7357383233203262,5.0046999106157966,458444.26
1797,35.95800770910277,2708.230192162127,Commercial,489141.8882525915,0.9861818452578786,24.7084400627855,0.3481320363329621,0.6258722321412652,0.633188138402383,5.568939968061079,429639.39
1798,4.0681746319343315,605.9985434877372,Public,178816.56592243246,1.1234983312889306,29.706872704956364,0.7015330234511166,0.7332964367178098,0.8455542855334026,4.741789489080418,225761.1
1799,4.0272080243803,945.3669970371741,Commercial,240713.6833281084,1.1844008106690158,12.799492816115455,0.33903908570819175,0.9489155398007098,0.46460889900589186,5.04493097777241,233702.85
1800,1.0993695241269288,2883.0740568487945,Mixed,342438.76476615877,1.4643787198217728,1.3179459408147571,0.2510608277677709,0.5747988280737792,0.8275353164090513,9.05632443074555,448463.96
1801,47.84681921582427,1552.152306215113,Commercial,61113.78395875008,1.4990321234150694,5.923986546977473,0.46428615095924886,0.9129868347917435,0.9057620184649771,8.093296125711198,316665.07
1802,37.006663793220845,4697.747070391449,Industrial,414616.6087327791,0.9647850741890687,19.923279454762145,0.38491227360787816,0.6456514043525752,0.9150351177653007,2.1387310868402016,605321.89
1803,17.985944720852174,4111.827124471849,Commercial,291460.18551287916,1.3088859099420707,18.750300227911918,0.9111933108450658,0.904293084714549,0.8485715151137225,6.492770033860863,566231.45
1804,15.178511273738934,4919.479311916949,Public,175197.73418096997,1.0646217435632366,23.848076867980772,0.24396276309490128,0.9601355988007694,0.585609916898788,9.96315976347708,677093.83
1805,17.810309872419552,1372.3871108570286,Commercial,77723.59338161116,0.8056757378203493,8.362636317870976,0.3412909540592983,0.7137469359971601,0.9872656159024789,6.359956311092372,265556.5
1806,38.8453497934685,4851.645800710087,Mixed,123124.28696349864,0.8064767657051317,23.145325550866886,0.6389756844664396,0.6825253270527654,0.5657155506757079,8.07284463033795,634291.22
1807,33.23784524798551,2213.0459619786334,Mixed,452765.2364840466,1.122396205293579,20.951536624186424,0.5848537526779789,0.9011106594856508,0.7470377793716979,7.921553260430539,386344.71
1808,9.667180609439663,1802.8420970373977,Commercial,358710.90077115095,1.1418344391030342,10.361620433701455,0.23668161469976123,0.764741441189697,0.41275192464862803,4.152857732850957,310021.18
1809,9.118412099037176,346.7126821498309,Mixed,162455.77473660043,0.8157987876014099,16.819156293651897,0.20580194241211558,0.8422245242315985,0.9863142290454749,4.34664372433563,174386.25
1810,5.370584660813167,358.54976351205283,Mixed,79520.34422526328,1.2808491917420117,5.270940446451474,0.9904543535689199,0.8114146184805897,0.7927901453052641,7.516687796113629,164169.99
1811,33.18498462521624,3490.8551541386078,Public,360776.89057398634,1.0058023720164673,14.124370599631897,0.7270677602870705,0.5764444228223982,0.8273642816724578,5.499851784443516,479875.75
1812,38.33644677997593,2343.852072726737,Industrial,307583.4766854943,1.1919251710751646,26.554722847113588,0.49232490472124546,0.9223951801447808,0.3460436923878012,6.135136382173492,399924.56
1813,13.619798202087699,1209.955967576918,Public,232033.78600620577,1.0106433512157933,13.214550014936332,0.5763457981305931,0.5978875557065682,0.8343924699544703,7.416152113283538,264443.6
1814,1.5367755710301843,3108.45450099364,Residential,213625.1521355287,0.9169940204085151,25.347434487787236,0.41324009636342957,0.9661410720353905,0.842306400454421,7.998175243351453,481833.91
1815,4.567497540083154,1339.0047794255447,Public,147566.42416809872,1.0850216170192128,18.11734759253114,0.4758990269545678,0.6252856457110739,0.7702409084535609,3.443649199597642,272732.76
1816,48.409071724829005,2930.3955962876707,Commercial,351325.06544188294,0.9625913553533505,6.564424679968346,0.7192355738145713,0.866940486636871,0.5043367296532405,2.3211438349326663,384423.0
1817,15.124516485132302,1860.1228602151828,Industrial,486800.6125072417,1.1743606838434177,17.852081096238997,0.9062494390938967,0.642327696746796,0.642783029512617,3.626151820513527,314241.84
1818,38.576545817987615,4135.405910397913,Commercial,129071.86062657164,0.939179971200536,15.67351654555484,0.3473040184649479,0.6588927042934319,0.3773040599161015,5.5678449258286795,546816.02
1819,31.420846658286056,4121.411187757219,Residential,318702.47900697653,1.155884183651239,12.560598720695136,0.8722892043082551,0.6550009263911527,0.6301109465214068,4.079271855673352,531899.22
1820,19.406012162818346,2439.0169507997666,Industrial,240883.2750856893,0.9101649604082074,4.46928274596604,0.29724530361461526,0.8739461270130416,0.47067669682028335,6.1152648296283445,359428.92
1821,10.681519478679977,1819.0136357415763,Mixed,251009.9247850992,1.2696822966400494,13.084551251569664,0.371993778870713,0.7784075589846966,0.5443678905458574,1.481191517130656,308697.36
1822,6.508627698890618,1876.5430031395633,Public,164366.2760575165,1.3277563791089968,3.110108910949186,0.2297402304397168,0.9414762279237485,0.413820285882589,5.587753704523905,319581.07
1823,30.9431419179239,4048.0011757742677,Commercial,421310.69404763856,0.8772759639749537,3.8643024905637864,0.3126494896743996,0.6536863596020224,0.4610380574228279,4.311864162439371,507816.85
1824,38.8443721415705,1708.0794657082988,Residential,268365.02186625847,1.1274616884261375,13.061579455048765,0.9338425163712405,0.8459962610283722,0.35359804927408134,5.812000794035941,291435.78
1825,32.37326055028597,1124.3909311635455,Mixed,294532.63348921883,0.8496101904584116,9.856062977085447,0.5675509972947028,0.8764742998315553,0.9439309565058449,4.802800193964791,230510.93
1826,26.749955595833338,514.9728751890034,Public,187142.41075879658,1.2187277118794018,27.840785450004482,0.26213268942268286,0.5757410565149791,0.6712874815827823,3.558032655737882,221481.76
1827,2.576585559865995,2386.7962923336013,Mixed,131813.8095501274,0.9850830085507518,11.895468356027846,0.9677814704311691,0.7002946786599056,0.5777193798839177,9.136971149118722,369932.44
1828,48.440194490921996,2462.447284707225,Public,88659.67469126922,1.1693371197870954,22.977885540090902,0.9031938462069202,0.7414087471752056,0.6745204489381487,2.662884895792212,380385.84
1829,40.03635248690144,4220.452680974245,Industrial,371353.61341621215,1.1622227065690038,16.377178264621037,0.803746016694513,0.6778436949471871,0.7398052599370868,7.132290180225037,569271.65
1830,14.994690816697755,1184.0696125857135,Mixed,138305.42675953504,1.4470480423356604,21.41848439062773,0.9467782335580464,0.6610562979845691,0.9453151553585444,9.321802413241727,300714.58
1831,49.008531303263105,1966.8572409751596,Mixed,360533.90938495897,1.184358255798106,8.543363507446577,0.37610353666861135,0.843209946998821,0.42508506660041934,5.848029637168898,329472.58
1832,30.293138686997946,4061.1881205790855,Mixed,225669.40072112923,1.208098935802821,28.315244212311544,0.869095434408069,0.6079331988297443,0.5068867490446523,8.887676397215339,581669.63
1833,29.329921581258702,4135.755692669971,Industrial,237098.66044534315,1.0811571880350663,16.372566410518296,0.7519929570834449,0.8546953726255644,0.9830525354408803,2.1236633058995595,538097.53
1834,37.52962238176184,1984.5942722959642,Residential,261129.87324174726,1.4643557222279717,25.10839806727224,0.8958073996541507,0.9675220981953653,0.5598350906539671,5.444098932307673,363444.71
1835,40.68260451046181,2349.707714104736,Public,215468.82865739442,1.3440301366077267,11.58632511080729,0.8375292525941038,0.7825987605888756,0.3157931555301293,5.113227524328455,362115.68
1836,32.99569106290938,1586.1008651614864,Mixed,95278.98975016554,0.9997837032119892,3.9061291224652113,0.47719605054146,0.805717118369737,0.4033504448460111,1.0730692633329537,245533.64
1837,6.840739445126902,4669.518904254629,Industrial,189334.3145012806,1.3909467100433623,20.537637783904614,0.8195188296138045,0.5344663510620445,0.3184370912239864,4.98931607223401,614305.31
1838,17.24424154672767,681.3544521337435,Residential,348680.4623122723,1.102677452129563,1.22502980178531,0.40996504238791226,0.9322384518089142,0.9929461996945099,4.32126780744338,184894.24
1839,46.44014019613946,4675.372172707203,Public,349602.9806609919,1.3800670004735158,14.78349632039974,0.4628737304224439,0.6427238935999328,0.49520959429385614,7.028188549971539,627277.2
1840,11.61847278627067,3450.9456139931817,Industrial,178800.93825799745,1.3760216478054514,6.5912551773273185,0.28632457377838094,0.8075255827642824,0.9464799298553581,9.444968007188667,514648.87
1841,18.92226767995691,2704.7035481649827,Public,257046.18195095958,0.9322091307339981,19.193889628625502,0.948061292784375,0.9895560848724012,0.9971203930318009,1.7721197943583287,385836.48
1842,21.8878057057377,260.02939784402975,Mixed,137051.25260537188,1.2907987919685038,29.403176320997712,0.43280269072022526,0.7977513002864038,0.71988885480018,3.9472874804316076,200502.79
1843,22.25054698987538,2430.4213399278406,Residential,144667.4366884261,1.0034500785145717,14.467684283298732,0.6164979721371615,0.8623547437321888,0.3232374205458932,4.996582636548267,365105.05
1844,30.840509333479012,2097.965714513388,Industrial,60371.189782973335,1.0082448689948678,24.707449439244332,0.5130662691729542,0.7226598091118759,0.35711414127084884,5.09666840230945,356860.37
1845,47.18225396836303,889.9721786781005,Residential,453535.9474584851,1.0074436538164067,15.72574142158251,0.9679424964668013,0.5301829217575287,0.6371123385755144,7.973287487580284,224411.32
1846,12.414289235708996,3316.407057153219,Mixed,144817.9992837078,1.3078977732919639,15.379360902016698,0.46803933675078596,0.8987996747448943,0.5843204090380402,4.990560992500967,480392.53
1847,6.514318126895444,4858.6394461046,Residential,152390.2446214085,0.9608782292547753,27.982281302184557,0.8228366571381514,0.5174994206319928,0.7243241140472374,1.2444517130828803,615906.0
1848,10.274789248066897,2854.725174216173,Residential,175820.6446903093,0.8006340846722632,26.809010193653762,0.884332923704944,0.850328914443927,0.6071934667979547,7.390936851335482,431684.68
1849,44.402782560358844,3602.2910545753343,Commercial,107333.63226294305,1.3006657974378433,23.78821349045126,0.5484851979847727,0.5114607865748184,0.9538537944900389,8.963467256311045,550275.61
1850,32.4676352264327,435.4072175734822,Residential,337668.29743161326,0.9198293206845878,9.591416846186739,0.5025374515623451,0.9311526182883353,0.6743178007894577,5.6251424129470555,165265.84
1851,14.652386067338426,2146.5682795032744,Public,83814.32892991396,0.8731376767154843,16.805244055994276,0.7981966567461025,0.5788180179164903,0.7856082430237095,6.229976695286548,344835.48
1852,40.88937347894655,670.1565773060298,Industrial,110391.09184685763,0.9662612844158421,7.493019765864865,0.9303167842449873,0.7571357477212756,0.9275396908497475,2.466427950721415,163282.69
1853,43.13781481999008,3102.699594128901,Commercial,340140.52696554177,1.065930365625893,13.873584243349653,0.8039453864577906,0.7985753522415737,0.40281031308324516,2.9858135021106134,420200.3
1854,42.402459765168764,4698.562575249358,Industrial,202847.27921664924,1.1331344292312404,15.042178907033929,0.3817010924734925,0.728772703686706,0.46081425788297,3.116532152121506,599960.15
1855,45.98686341515795,3342.710889111029,Industrial,368576.5220155351,0.8311990284988416,25.117561164910597,0.9106461979501643,0.6703817446744436,0.37512306233181053,4.876677773931657,460643.04
1856,12.985930498581398,476.3349367406655,Mixed,300841.1351015639,1.4794013328391524,26.9848225944248,0.5100653339494665,0.7339071480904859,0.39774687946093856,9.35330698806078,244987.65
1857,37.874575472940776,1837.8644044269058,Mixed,165209.5278776809,1.3012441373936907,13.023981809497858,0.6609835294223474,0.6557078769405793,0.6588087768539632,5.696062900433974,326723.76
1858,23.29670511506993,2798.2505592601724,Commercial,342872.5777201976,1.0262358457270353,1.513428907123879,0.8651484954341688,0.7190611735404315,0.5248254812772248,2.728878806812174,362354.64
1859,42.178928368058045,2075.718005052936,Mixed,102323.15613179629,1.0230880800997781,25.991441353891283,0.3507158139203938,0.6794564954990153,0.5962209876687283,3.3947896228205465,359099.87
1860,36.560288519499856,4184.855651328344,Mixed,291384.67238601367,1.1139797845579216,6.05408167653946,0.8276081085420426,0.7831024117535726,0.9877428822558432,4.456135267544658,533508.51
1861,38.93414860173637,4091.887923078947,Mixed,246716.6472702656,1.238371375934123,19.03457695282141,0.676930238328542,0.6189620811224917,0.4096930434571637,6.609330781235195,560122.89
1862,32.98001096521304,3097.971998505785,Industrial,170543.11226784834,0.9024611466122775,1.7241561125898046,0.9146733134620866,0.9943282774570062,0.6785684495586528,4.9602983770360485,399310.46
1863,9.28272408875049,1929.9439311502558,Commercial,321802.248982775,0.9322508696354667,12.585687782556363,0.3375763214748344,0.7504349766910827,0.36920980853755564,4.5320035975923245,314704.84
1864,27.478832485398446,1351.1482314398963,Industrial,442100.1165531271,1.4016042079834856,29.592848761345145,0.5365457896327428,0.5970810387072548,0.522947419284715,6.082557403590953,319165.11
1865,49.241152106463154,618.7841592443336,Public,499507.1148933845,0.9793784467223509,3.9201144320102896,0.86627447429347,0.7385333747836362,0.669268146572219,3.176514954590189,151991.82
1866,46.900709291607384,1838.9986490841147,Industrial,323493.24593454105,1.0661364985826243,13.287101407989628,0.21538536276540815,0.9332075647624121,0.9626422221757363,1.7101294532612397,315136.9
1867,2.6370999219520774,2124.5453343178256,Public,232117.64344812656,1.409890295665082,9.907348555508612,0.2897610934125143,0.5109033965621979,0.5738597548984381,1.2197288333999992,341650.05
1868,8.658333378607137,3411.5323330099604,Residential,151343.19509729074,1.2642034805798759,27.247555578259664,0.9924521702053879,0.8397770595536445,0.34543468735026883,3.2613324712041436,482307.7
1869,7.020574286000815,3324.98313905811,Residential,165693.24022780027,1.039198315539182,26.2108631293133,0.42431534287228045,0.773983898396964,0.5717130135722218,1.8243283073002183,474718.45
1870,36.43600554427213,443.529884242159,Public,265754.7401673945,1.2785896820072344,7.893264048880636,0.9804345549791627,0.5847789971850678,0.4020188231117844,4.027065746686901,152839.4
1871,40.98037382791878,2036.7706456126732,Public,215274.96557631917,0.8137782507669896,3.3544458244625037,0.34602524080693914,0.9087382196524603,0.4609927293040117,7.9564018632378,319705.5
1872,11.06881263237826,990.7164493650733,Industrial,461216.5351812249,1.3149498620079556,19.187013427772406,0.4888755544058685,0.6844423111870028,0.7326634362154932,7.446648974381545,270422.85
1873,25.539708301115535,868.3822560523479,Public,215732.9604450693,1.1409112283613676,10.754692644627584,0.8022955556028566,0.6469010144077537,0.34719670634257715,6.498348605092259,210768.55
1874,42.1147998865544,4153.780533712505,Commercial,218050.06601544598,1.3692275030991228,20.49044732757583,0.7262227257905429,0.9140625959284505,0.6253066293750261,8.672502194915308,588920.04
1875,36.773676465929405,305.3845619096619,Residential,222590.53059528963,1.4682463564045278,1.9314729259666197,0.6648979199432445,0.8192625230958324,0.7266231102075351,3.5386086208984904,150099.93
1876,27.34074167184649,2153.9960919203945,Residential,426479.09466544614,1.4480519846461979,4.868577820147193,0.623919340644006,0.9491295418374122,0.5953008746572478,8.965483777269691,365564.89
1877,29.722210677709256,924.1979132559392,Public,342854.7443811058,1.4364855304187385,20.90479475040666,0.8747523549317922,0.8149418518355998,0.31338844543661126,4.593152527022612,239061.69
1878,25.663847072355857,4408.718056824523,Mixed,326375.9826435017,1.158518969153721,7.158749003772435,0.3879588502667142,0.8704088289660576,0.9898635498320056,4.608039864399639,574323.85
1879,15.228648340281618,2829.4985150476723,Mixed,200364.36007273797,1.0520994798972567,25.870042597109645,0.5539767415948147,0.9182229481298064,0.5569810371383748,4.648164522629694,435061.8
1880,28.468588646521297,1233.7651182465554,Public,418056.87957459775,1.125524727311471,2.6991357435939274,0.32436183372516586,0.5273698179549684,0.8450040308532869,1.882849296168833,231646.03
1881,34.59982245147949,2561.8937071152445,Commercial,67263.73761006551,1.2829272023193525,7.248977500781664,0.6767532765845635,0.8880244794346901,0.5279525445312172,9.779414484979501,403994.17
1882,43.72948433510998,3684.2831625452677,Mixed,441858.7275521509,1.418798443809831,29.95824720606699,0.4004355394170562,0.8068532409247884,0.6325117298953932,2.246561000426433,541169.7
1883,31.99642202197278,4794.778243705226,Public,280737.4549072683,0.9448904121000837,13.559206975016986,0.4670736514747087,0.5347538982575966,0.5719245498276975,4.0679715202226605,601613.59
1884,38.17551608363632,1180.1854208025527,Commercial,229212.60568853578,1.4427352109231921,21.386004242794662,0.5770005732988226,0.7542889609343575,0.5397774606567254,3.8737028829408144,275776.87
1885,8.423545930251363,4442.290683433791,Commercial,273725.2763229585,1.3706261623789224,6.297228416853397,0.2214164685625023,0.5412290389919769,0.31529596404544513,1.6721148953503868,563378.0
1886,23.3470949837796,4678.090159420703,Industrial,350336.988740224,1.4851992106247642,18.686193314580596,0.27355034873667017,0.8679736008616112,0.5520146564981525,2.3703411710068902,624139.69
1887,0.9619151814411182,4590.460668207124,Commercial,55744.441933053815,1.416176241297181,22.057075982713137,0.7487433765665756,0.7732508569489416,0.9226429932796709,1.4037250256684723,606978.5
1888,12.71060379382034,3213.5303486233583,Mixed,442198.3354062115,0.9959561307843348,10.119822440128805,0.5431759845740058,0.9767867687061487,0.7832753370155785,3.6316404420446213,438919.92
1889,36.45985489809374,3186.1212067300676,Mixed,251032.78639012677,0.8741691379408334,25.038016247300455,0.8918321775999163,0.5915676857858849,0.4017960013668079,8.799912316260158,467693.43
1890,49.59459259179349,2075.7321026007317,Public,204334.9338650352,0.8785687503941121,18.499109775696216,0.7557376029153595,0.8030167262601893,0.7138085032359174,4.05497985163646,330389.64
1891,5.409315929567187,3786.7496232885605,Public,112210.50453532569,1.0038563230047932,12.284567278835876,0.20648075331785798,0.6057910672852457,0.92456160196421,2.113226488606413,506308.93
1892,20.373968635133767,2703.3406899195666,Commercial,247759.41846129895,1.2299286067891775,17.1716294069516,0.6933698646137079,0.8070324923636991,0.7900238286753988,6.811244815455262,425238.69
1893,40.1035129506084,3419.446549018643,Residential,273345.2470779705,1.3630242282680207,17.726064575641804,0.27497989284777313,0.8613248511804282,0.4040790746496877,9.969408208494194,525239.12
1894,10.599763914130493,2199.4437288590975,Industrial,231641.012522065,1.4294752148870953,5.800523488122114,0.8247465438323955,0.8611521646647693,0.9074827477141476,3.090914105787348,341892.64
1895,27.97670499046317,3684.3326738113815,Residential,355397.0422221037,1.236627369058463,12.679238726142017,0.9932061506228016,0.9075369953413049,0.5110808093022057,3.516139048335125,483637.31
1896,36.7870291534689,4139.91043626229,Commercial,239403.4379416517,0.8039419189236376,10.9594870525653,0.6249590353932093,0.9267751139791583,0.6178533010186392,9.746623488527097,548451.86
1897,30.991279787878863,817.537657353799,Commercial,482637.910030958,0.9304217435629735,12.626178954794655,0.7462236001553044,0.5386358631335886,0.6682999317824024,2.608986587954384,187574.39
1898,9.8072243634631,4181.355606313717,Residential,319674.8830206163,0.8698083426973576,23.07220706607248,0.38985132871580125,0.671633578536202,0.8953546230647367,5.600926607132475,571992.74
1899,18.0915361499441,2747.4530057725055,Industrial,413365.071043359,1.054327132898307,14.993613816533507,0.5500781950030349,0.8435612601799028,0.9521252466033627,3.156869197144854,405787.84
1900,39.297693332027166,4238.862954542099,Residential,99210.15639926548,1.1509456955436221,28.269168443938664,0.8848762657891069,0.7492931436956061,0.9507570144533892,9.391167081111195,607404.91
1901,27.934212449534822,2213.3783610709716,Public,228781.08182565757,0.8303780250049926,9.51661598739465,0.333938358197001,0.5953379733773958,0.3055679268949784,9.833689131186647,357166.23
1902,0.7588658703741804,1957.2983783768716,Mixed,201581.46565121872,1.0439345830569589,13.055403770262942,0.4124284844910097,0.776354785083349,0.94532193990982,8.332280615080139,352229.96
1903,38.169042621390645,4583.79758933439,Public,306267.0746614663,0.9254257722377258,23.8217475038922,0.5563469402288241,0.7037178263830719,0.3380708762011006,3.833054342315295,591541.57
1904,2.247912069541834,1330.7294109871664,Mixed,437501.0840276415,1.2529491163812119,16.834713206301757,0.7697991134752111,0.6950191388271525,0.48604155977220476,4.631387277524545,269173.61
1905,37.41382224519599,4236.640393902101,Commercial,85252.197992903,1.1249906585270382,16.863816246308986,0.500707163836539,0.904876858717832,0.660491498309483,3.180751152997792,557735.84
1906,10.522787728179251,2471.70080529608,Industrial,82658.65912011985,1.1467223528537362,2.546864727150322,0.9421858238264031,0.7037991669160906,0.6359479823030758,9.016821703080923,369130.46
1907,47.92463726590932,2619.0676685011726,Residential,432642.9686709195,1.0993842516234227,12.559390218835219,0.2755656410149754,0.5132272527402121,0.7232968557211743,9.231024499193422,424370.4
1908,18.71306718945318,1611.4945792984718,Industrial,145782.53871726085,1.469213797340597,8.851278240230242,0.496643358035878,0.5290316694455457,0.635612360115904,4.769835960214425,303981.51
1909,16.683115008734916,2907.906783033177,Residential,350938.96450241614,0.9503145875850942,29.980718562102346,0.7671632987427375,0.9281220208458101,0.9540629757482946,6.908797629127017,458880.65
1910,7.8699584914560115,1693.5348617534355,Public,294295.15956236236,1.161664981890712,9.942297048336998,0.38078941252919396,0.9803004050062607,0.4683841937502109,2.4899786179722447,287712.97
1911,15.627408666765637,292.42012978409633,Public,424802.11769925326,1.3152121578557352,26.65039950902204,0.7251305073837384,0.8442046682278538,0.49181728582694006,4.914423103270681,190963.92
1912,43.89421271049593,1432.7931661873447,Residential,106290.00942638158,1.1897910891941939,20.610778316173846,0.3313735665818768,0.68218414705004,0.9445165549851393,6.683491960061478,316365.6
1913,49.818549712548744,131.25731269229433,Industrial,108402.33457517507,1.4503146200017607,10.886575866570622,0.24478422788934912,0.9693001578973637,0.35371765962167934,4.468628066662176,159488.6
1914,18.731321760088992,4893.938456578598,Residential,300568.2621252384,1.064577848948899,16.762496972849586,0.2968125733989191,0.8314015431878679,0.7266925753333668,4.2183957311781395,632886.49
1915,22.706226232249858,4832.161328116763,Commercial,475870.3940112669,1.1245730640412246,25.37554051852662,0.9439878265073078,0.9221667745996689,0.7772151664459275,1.008990930402484,612469.8
1916,36.24251144103548,2036.2609576142947,Public,236748.9912668394,0.8619656206503099,26.617680642896445,0.6414007063516411,0.8829261520185047,0.6538792064008176,8.238641173994026,364994.23
1917,44.36669113302119,3669.0171862642655,Commercial,197123.94511461272,1.22629937773635,5.651422375178211,0.8370766203837192,0.6895696578862962,0.785962315176196,9.004038508193034,505161.09
1918,29.855694542245814,1794.4498822110825,Public,323010.19543904864,1.0017483779136742,10.847621095036919,0.466123600724041,0.7393511004253928,0.4209282522083769,9.725171765912489,324302.85
1919,19.88052205980255,3388.356469721283,Public,468701.87024526397,0.9122163276608982,10.721472226193578,0.6741269183083574,0.5930660771840497,0.8968425629400778,7.47344246562294,470983.38
1920,20.924781122006877,4046.6072109252977,Mixed,426617.52478008065,1.1811719050331557,2.219299086202396,0.5959617069639933,0.646007050220367,0.3980179826289199,5.939130811328961,517940.58
1921,34.93309825159194,4739.10559899198,Commercial,497967.62482994894,1.1726171843659374,18.348895035705,0.9565903675218352,0.8890628306432609,0.5805687110210247,3.4235606782783843,599285.59
1922,0.6593040484117947,2061.040151663393,Commercial,60155.862441069694,0.8531101488568333,25.78978153677345,0.7980597088432884,0.9469891959415542,0.352680320915744,9.993695283671485,363415.13
1923,31.169672204262113,3938.160116484634,Mixed,100786.16512074301,1.288750817446131,12.065657246940015,0.7844341051972632,0.8622302116257059,0.68164775517218,6.30777569078895,534025.22
1924,18.09690401684719,1403.049408097382,Industrial,324260.4935149799,1.236640533455597,22.461042404541132,0.23708261554742363,0.7325868483283191,0.7688220651979474,7.130386650974016,320982.73
1925,39.81276789821567,4952.628288588877,Commercial,419259.3977002324,0.9323120979225481,19.20331199442146,0.6397357352029529,0.5432546344698738,0.9588551445667033,7.141655457597859,645990.75
1926,5.103036671245042,226.2710339453206,Residential,178359.95403804496,1.1286044035078306,11.893813329297023,0.5735931631214519,0.5284739743492242,0.8175353371272005,8.607266161814632,175016.36
1927,29.61601221394533,3057.2911518554924,Mixed,157644.98961539846,1.304226041534992,5.090734185276615,0.9422738132849557,0.6871627823064269,0.6787720415179057,1.0870528496222729,401874.89
1928,24.308158049363126,3331.579310091503,Commercial,404139.1097215404,1.1706050183788936,21.57039173050305,0.4058735905516258,0.7319108593838315,0.9528319120192337,2.9822224638823465,486629.43
1929,32.29511353230876,3471.4232296632313,Industrial,75371.83423395421,1.0768423533284992,25.782389899295975,0.4158667626328755,0.8045603111066484,0.6349057866286136,6.989806001530126,517726.54
1930,3.710252926906933,689.8991360665361,Commercial,216222.1914121633,1.0256369206566607,20.889780279643265,0.5290769991052003,0.5032447606934987,0.6928439571692085,9.05631163142111,235316.7
1931,29.2091974776925,4698.795939018339,Public,277614.1501665484,1.2272757066508375,1.518476037009724,0.39469577072510087,0.9948614452331532,0.717268969369067,7.168049037292206,602635.91
1932,28.293487103996423,987.7980673454057,Residential,302156.90345764556,1.4573760888171683,7.270753937338746,0.3033471342469996,0.6819694417020215,0.5869858081205968,4.721421623443121,242456.71
1933,28.25267467360046,3151.491675875221,Mixed,377876.8205567496,1.2702213883342384,3.0149195616224254,0.8859318773206406,0.9240473319005607,0.8869378833960768,4.253999462832354,427125.83
1934,30.372639496524513,1191.1127877031163,Public,209680.5755437962,0.8523221325454209,17.541196887710576,0.6466212195231327,0.7674833528327022,0.42962315719154137,7.641532074549883,254213.75
1935,33.98516289270493,1605.3604434042275,Industrial,325707.9551035732,1.1224794814374937,22.937852686371958,0.8890901751652536,0.5652197272666732,0.6883895332601255,7.671139274234741,317993.07
1936,40.346955484198105,2777.646854467809,Public,313418.94025593036,1.4235768920574392,4.206796424991124,0.8649078123229568,0.8987827762672609,0.8055632793310359,6.463521932551213,409861.93
1937,13.85612564634661,2144.247750966425,Public,296427.24529418617,0.8661236980607608,25.31179679720817,0.4256338838317369,0.854913537459938,0.932783320313604,3.6232032168760333,362361.24
1938,41.339945803913075,885.1054447848808,Industrial,338217.48191399546,1.4922129984962802,17.109760373469012,0.6381899554594193,0.7637180424646139,0.9187428775039947,9.326393365514893,273220.26
1939,25.163656272040953,937.5883718621566,Public,166752.12698063435,1.4643485755517949,21.009101352110022,0.2665741621920564,0.75727654566689,0.6561182026010993,5.9669194790677516,273945.18
1940,4.314384817149392,2148.909461997718,Mixed,88091.93911308303,0.8547921365109131,29.17065360965074,0.9322015072246068,0.5437398028754641,0.7502130158143392,8.114431206234975,373584.48
1941,3.3982709975769705,3810.6865935499536,Commercial,103672.25241788453,1.4533893243146885,3.426748659183222,0.5234101720521225,0.827924474286937,0.5759664152905106,2.928774359456485,501051.07
1942,17.04479677545501,4500.026769554164,Public,151062.07219425548,1.0541928131816236,27.135496666355888,0.5149409471112172,0.9556225778771499,0.6277244340161402,4.096367097532551,604580.92
1943,39.352400367017644,512.2255450709758,Mixed,275089.0709852533,1.3912964169531037,4.65697818363487,0.4422042964943626,0.5466224596106792,0.9343860548011347,8.871215647486082,209893.12
1944,35.53020626967533,2026.209147041065,Commercial,428199.2377457091,1.0928683363992902,12.395805392463785,0.5685309957685631,0.6317557253244525,0.9514927952347318,1.4509632694597157,321297.8
1945,39.53644075128412,591.2032622420954,Commercial,365582.00393977284,1.1085985788917612,25.691722193602317,0.4014075092363585,0.9511539867210494,0.9267898406469137,5.610837801309959,230503.81
1946,26.104818293859665,181.30315509972962,Public,405068.2718909212,1.24397016368428,27.28137286539818,0.49988181823744365,0.6421719549098966,0.3968596032695467,5.335349318596081,184527.99
1947,22.289850398796784,3342.4215449553876,Mixed,207939.0307667411,1.3421341934931883,15.684778532809215,0.8399576388679055,0.8269718360899632,0.8950588149314453,7.761071700172739,494238.39
1948,7.7989000719610555,3052.0022656362803,Public,232094.18374184758,0.8236524056637741,18.22903450998733,0.8674044028681376,0.767409082471572,0.9638546117150362,3.5370439353939918,423786.72
1949,16.74554130366092,898.7936576929424,Industrial,227156.84869577576,1.215209196868994,21.536272703358158,0.44334598210281295,0.7981638025019311,0.5528747862015233,2.9716013967363955,236329.91
1950,21.983958625606824,1245.682882156014,Commercial,136342.93298202567,0.9307130958681598,25.15000138512871,0.5752115444422303,0.7078944507886266,0.6630524025951685,9.335195548959103,294088.78
1951,4.885721269141053,216.16799285814005,Public,77547.49616460741,1.042164662504242,4.523823916592319,0.8990558210240418,0.6499957352768555,0.845366679069097,6.145386867626183,133433.57
1952,11.420291659204958,4191.241307902578,Commercial,315912.2417722521,1.0435780663086516,24.492009938647602,0.24213866546375773,0.5242667253648345,0.693454696295954,1.9422061145528904,566607.73
1953,30.11215205615507,4875.983920637902,Mixed,495147.50753926375,1.1283422381548076,14.957008364836886,0.9113159695966284,0.872140469647082,0.9954384651943746,2.73732545992889,610197.38
1954,36.915324154839894,763.7517302939849,Residential,125073.36722761828,1.0338954883133213,14.068079328136902,0.3753474765218654,0.8730467310971134,0.6189993556097798,9.989434535628234,237276.61
1955,49.91820181395101,1234.2285474499608,Public,71008.1689546732,0.8751527829154675,13.293092807912949,0.7428313953715007,0.8353628700393616,0.7997598978451643,2.7604809662697316,231293.6
1956,46.68910990150611,4355.206667339977,Public,400789.2568207698,0.9019401169678161,15.767135972135236,0.6660413571076802,0.8218168940598103,0.854813798137581,6.494279602183108,571758.64
1957,32.30697737699198,4639.672609985306,Commercial,163663.70300812589,0.8234065898927684,28.4064660484435,0.6423525985514017,0.6218585660837631,0.6458702910309075,4.781152710960563,609506.25
1958,21.351778638056565,2156.1741757533705,Mixed,423339.7124088178,1.129174359730128,16.897909410972396,0.8874881798022571,0.5111724668831457,0.8998886639979631,8.970391853648518,372100.58
1959,31.990779553057518,348.0501141184632,Industrial,366771.50016553194,1.4681133863970919,28.642148609631036,0.28125771491572904,0.9043576984427198,0.6823082138450375,7.79651733065795,239697.23
1960,39.389755094971484,293.01998509481507,Mixed,475553.09167286207,0.8809726565536816,6.228413787853577,0.47762242026050883,0.7455692678479134,0.5881555577611419,6.3725625663563426,145127.17
1961,6.357641450707672,2912.3543437381513,Public,234017.2560905024,1.4623851451021574,21.999943386146363,0.6306021970758124,0.6534190653513092,0.3754765716963629,1.0966508361818423,432431.47
1962,20.790292039966268,2025.1860335765773,Industrial,347886.4277527854,1.3133530603124655,24.55494661965367,0.849031083156832,0.5509659533902851,0.5753895034452969,8.918156867441137,377930.75
1963,42.070213138963055,240.39689513050712,Mixed,259184.6513659718,1.2462491620539142,20.694736108710995,0.3731544667293372,0.5313607954506943,0.813755518313299,5.002007237548447,187845.16
1964,19.499731120685677,2957.936722331528,Residential,333764.9137888446,1.251694428726494,18.60074612656967,0.842343873099421,0.6744333608975887,0.944900488176075,9.384198877167188,466137.05
1965,28.807677425745734,155.3824292862101,Commercial,252319.5077034818,1.3787093538773973,17.379570651499286,0.5197107859951486,0.9023685323834703,0.47617558270221716,5.459851115687811,170475.09
1966,29.59458336267881,3958.1225949314376,Mixed,134884.51089083368,0.874843905065875,25.966983994782183,0.35113108514695635,0.9593618746669152,0.5486648621313518,7.24802040264453,558175.54
1967,9.631574530115149,1601.5208312465206,Mixed,278553.8372015214,1.1533280264958792,24.827751317770502,0.807189152354786,0.9483756823065324,0.40777269587309833,1.6236338451997794,289534.18
1968,18.430654361788275,297.26421474523727,Residential,287862.89064684906,1.287963796782531,4.546372914237386,0.27271912117963826,0.9600004173748274,0.7835060259602782,7.706364881741072,179242.34
1969,17.05830879272564,2982.925882817451,Public,414771.7317170725,1.2107743115514946,25.609042053895465,0.6118138992603543,0.9538626715646714,0.9721319010069476,4.0419642818073065,461354.51
1970,1.7967370723372074,2048.653630721968,Commercial,380984.31760711153,1.3829453497163062,13.007989963772832,0.25110062708951075,0.7636123758001979,0.7486665538937228,4.162231128986027,358283.56
1971,1.6974923126220847,4871.622025450032,Mixed,348706.2307736498,0.8505901963079461,8.357208069878514,0.48513428412623005,0.609707819278452,0.7319535710043583,2.0679026023845095,586836.88
1972,41.66900366195079,2766.5734462681407,Industrial,101024.19299865764,1.2834907276494163,26.22328847240385,0.6808614392051142,0.8990232914184102,0.6874429513503038,2.3217143377618203,428212.57
1973,14.017005093654214,1448.6719870813406,Mixed,374277.33079867176,1.1738194112693026,13.528719189378506,0.6448924331897705,0.6068564874262895,0.36191901847987556,2.6718315058558915,261870.8
1974,26.144898928821362,3576.250436706476,Commercial,275137.3203595317,1.0654126047859604,24.442576015127685,0.5237243343237332,0.6336036383782846,0.8106526785005685,3.9538555171428014,510054.55
1975,15.286915892644267,1430.3108124592854,Mixed,452344.79124777165,1.0381924875638215,8.63870474671949,0.5432383951776926,0.6166271609112742,0.7214346804845455,9.027729214980448,285487.74
1976,47.063622633209356,4530.792127897069,Residential,463941.9203587443,1.234582842941935,1.1139503212443163,0.38141564268061323,0.757491201847903,0.7630337381994009,4.314342144070724,572441.82
1977,13.335189563855801,1936.1376554861445,Mixed,74820.46577080345,1.4236967622509855,15.368316594185387,0.5647060707392824,0.66091375408454,0.929167765119195,7.519264359068966,364769.71
1978,21.768012230577288,2794.3559576034054,Mixed,419288.70215951547,1.1473231482707806,3.9066194426436436,0.9626038845766673,0.5770780248126708,0.8487725509427124,1.7447275350088427,371441.76
1979,43.70014739898779,347.8082087387214,Industrial,66963.82569020177,1.377306214853844,22.87690271022238,0.8803623342270324,0.7265867059469412,0.8466406765081682,6.319889193447933,201526.55
1980,42.17571155619453,2187.994065965931,Residential,215226.3315627602,1.0815094672907772,9.0061789460129,0.31618629526107506,0.9369536193925835,0.9490286382155433,5.337021081433956,357071.05
1981,9.712020183390727,4178.581344338875,Residential,294034.9890294856,0.8716761239552236,13.865723751500882,0.22382462985673676,0.7852764274749862,0.9929544660240996,9.80162152259054,581328.79
1982,40.230843834887665,4047.6791462803753,Mixed,116645.35938220735,0.8430540155210471,3.523973387655073,0.9468194501733045,0.9391678029437935,0.7068979123727417,8.615869928910666,512790.17
1983,23.180250893525685,1199.1609383822786,Industrial,385841.2156560846,0.8359340599265743,9.313118204970326,0.6213997999045981,0.5979360925395687,0.376217131221816,5.093467951947848,224693.52
1984,24.406959168225082,1207.787447951757,Mixed,53759.61687746236,1.066105099370369,23.66321705449859,0.6302702585194462,0.583486936836277,0.6213909354428054,7.976284876408049,284810.42
1985,7.1072586345892175,4104.79602984486,Mixed,125869.57179531657,1.0360664255850895,5.3960494451672645,0.8245743965652179,0.7877885628492101,0.8513208025231509,2.7373486716439976,509045.24
1986,4.489774930977671,4658.952258829695,Commercial,311358.57343406405,1.3025559165357987,19.767627272681764,0.45175117909706125,0.7316644507731365,0.3194077273332944,6.0610269465260025,623695.67
1987,36.53299569520138,567.2685142377175,Commercial,371474.40291678155,1.319975051109406,27.605349731330534,0.5855260550688017,0.8300863208234784,0.33982120684930434,1.6715715001183735,205545.22
1988,25.074827041587337,2305.287333188504,Industrial,462489.3962122623,0.8355977781836179,20.71526603297389,0.9749303305173902,0.8973133955133907,0.3470104476679749,4.132801290265148,342109.58
1989,22.124109779451388,1753.525966924722,Public,367473.4933705807,0.9547862840223105,24.51962898947458,0.7377189495459258,0.8756536478260882,0.8117250308298176,3.032759634599533,311416.78
1990,36.61065731829364,4366.373431741453,Commercial,352300.6716146897,0.9919832951112298,4.160177249813558,0.32299602559662877,0.9711305868292806,0.6508166399942203,7.470188337926898,565243.47
1991,38.39288850005993,509.27208193209196,Public,227453.51585779895,1.1833283888999666,8.27122295405958,0.30658139838748266,0.6991282045785058,0.5582285604644155,5.410816220929253,185673.56
1992,8.365954299633001,1134.5171185343834,Residential,50577.99148706064,0.9011606567348652,26.94162671497714,0.3634118066664043,0.6031933711240904,0.37393193168321515,7.759634309632094,277764.23
1993,30.706144899143244,3787.094854173822,Commercial,104071.66643102988,0.8937588535800003,21.738062794924588,0.813369339536574,0.7754563199739428,0.8125681751441223,5.6376589386830105,516912.82
1994,7.200027072745433,351.33986000795636,Commercial,290549.54514021764,1.4606522224455705,19.547060964942023,0.4363016030724929,0.5553715600955929,0.5247138673856298,1.7783599793647467,183573.45
1995,37.69306675843776,2513.4233655000176,Industrial,353808.4486299889,1.3629420351084467,20.2492353475293,0.21711107734006385,0.6444255616658157,0.485726849045267,7.618308847592741,431289.82
1996,33.019280235223405,2266.324469930628,Public,237851.7277534081,0.9264584314638192,13.011816074834659,0.9553394908045296,0.6039440276315722,0.7566234410874857,8.49906337589025,357962.39
1997,47.85242374363117,1738.5657770448684,Commercial,378805.5551877756,1.0845974655338437,2.2921423169119435,0.33577073311592853,0.6982818583985404,0.6913076248177892,9.131781033215134,312100.64
1998,3.9134218096428484,2033.4043450627266,Commercial,284838.03289948043,1.048935399480296,23.74880472005114,0.20764654891845488,0.5556082875011077,0.5536874492693111,6.1479275077603734,368864.53
1999,3.3242086969870885,2696.7088759581416,Industrial,83379.2880174405,1.3537028518457852,20.68268385024526,0.38970528190665843,0.5159208722740489,0.7490412295639116,7.782268230995456,450915.53
2000,14.468260197313407,890.7000561030773,Industrial,136407.31293557698,1.1571490415346855,14.711329459269017,0.38802302969450697,0.8283970023150159,0.4898550642688827,7.768399031943644,243351.02
